need,intent,match,engagement,support,renewal
-1.9808274888944453,1.7296626694515285,-0.2980012807953219,-0.3761502639786319,-0.057159192134564316,0.1257602829816607
-0.05832339747390126,1.1381922079603193,0.618494060726988,0.3196667677062803,-0.6709349294658009,-0.0421202468209179
0.11243179353990748,0.45929401267294123,0.07879804753176878,0.35169153359360233,0.02388763484903983,0.19195052549096844
-0.004475991319275664,1.1079854599725787,0.145511292205499,-0.8503013300343769,0.5633242800607555,-0.8100345680393964
0.9554275463978851,-0.39863632005151023,-1.9567780611821985,-1.8535970495857883,2.704653843303021,-2.5597640041291885
0.2660960294606413,-0.37050447038120116,-0.19630561229721544,0.05868318054896474,-0.5406810183810534,0.5327386100993682
0.1750914960676096,-0.18659358194625875,0.07853268668967221,0.2242594985444833,1.316233651038749,-0.3912630814492813
0.11109366032740019,0.2066409412980223,-0.9536858846973758,-0.7262098732046806,1.5729588784798174,-0.6367886100592759
-0.04370955240145057,-1.9665144907515213,-2.0398070505280623,-1.1990881602509667,-1.0487763976989841,-0.34968945172584964
-1.4032140820655143,-1.0258754141366568,-0.3960934183042402,-0.16208518762926163,-0.3747268130847129,2.3491239472320733
-1.2143312493979956,-0.39707211308992096,-2.802665635923337,-1.7791069964908566,1.525980383594279,-1.6803275459668305
0.1892120562372084,-1.0437004741602716,-1.1874401672224384,-0.3274301465277704,0.29447254992040894,-0.5877628910816366
-0.6619627071705871,-0.3988102658430199,-0.6362966805244721,-0.1985641293780743,-0.36446751188584936,0.356216949942307
-0.18387671546083018,-1.0030002883808646,-0.27243140087299605,0.3848512969568987,0.3189056191866843,0.15165404182280778
0.19574622830751517,-0.28774586160976784,0.225945032247082,0.07409604097622419,0.3646408729715411,-0.43110266699171745
0.1057881501578231,-0.030482941699311872,0.1500130505173407,0.5829744581340359,-0.35910006282030954,0.3880691139726472
-0.5608815056443307,0.1263662940147852,-0.2581249908777925,0.10858623816117434,-0.16749787399616833,0.20514420184684368
-0.4969551557261489,0.6937960765827894,-0.002410116572911771,-1.942203747665602,2.059885058438145,-1.630320491800126
-0.9533427320860708,-0.30222292849935495,-1.8239412023232124,-1.3070740513024344,0.642447046158873,-2.394234904361312
0.226940083550928,-0.11338563965534808,0.41687187600536396,1.0862391573463734,-0.549633190557084,1.6003853391571161
0.3586633601896042,0.9584459220215472,1.319431705417855,0.8701516712029463,-0.45352301601766387,0.8169659781738617
-0.9984077139034921,-2.161737952714954,0.9911437611014171,0.5413735893128281,-0.9067954770632863,2.4776989801307736
-0.4878913518911242,0.08142487847116911,-0.45348161811069093,-0.5044073274873814,0.6282294269919234,-0.3660696993262239
-0.9134008468363297,-0.9059095629148198,-0.8679480081114836,-0.15179749404900486,-0.15178397896344592,-0.3008793557411394
0.1281655037248424,-2.366878331141789,-1.2964427736821942,-1.123141038475354,0.6455411524674219,-0.9009538511786416
-0.4242635571488645,1.0589163801825632,0.6132725265561257,-0.00547364226221071,-0.32441969129801385,0.609695552590192
0.9035491044497175,0.33344434854666166,0.9644297195688485,0.9012569945525795,-1.0096288343639936,1.0183672292713153
-0.49980652757789207,0.014967205117672515,-0.7094808721768967,1.1883999871805075,-0.48352368298616716,0.6247894032592184
0.18973688796240432,0.7141771433335756,0.042689381538880786,0.1370187315848289,-1.02051638833739,0.7894206139086029
0.17331614598300643,1.6965144218303767,1.8260723542682387,-0.05452348569973252,0.1401974064588553,0.03648999318990112
1.4758618656203373,0.18175655095532237,0.984716680841787,-0.09284697036500028,0.27255200944445834,-0.18170306605815734
0.36700481880932123,0.0006844585320040176,-0.30158231545747005,-0.4772968113259686,0.6961394014608984,-0.8052035496463882
1.3753120258802045,-4.2825681387173855,-1.3725575068209608,-0.7091103181741426,0.1817572537300793,-0.6459120569679904
0.07891448635874126,1.5851258472234517,0.7368459969275224,1.3225288034080858,-1.9539267770728665,1.3224261363305874
-3.586238197588975,0.6051659932732997,-1.1989017575042427,-0.5171338403585451,0.4581292790833348,-0.22731862136843703
-0.3550953575009707,-0.9817639995469118,-0.03406082254496092,-0.798703292581045,-0.5998988760061112,-0.11653480050810446
0.4136435351386952,-0.011971117092316505,0.7424274256690511,0.7310637696582388,0.4147759463077729,0.0028096720433529623
-0.3204924558997316,-0.4126309966630402,-1.019491276342051,-0.352687655378754,-2.476135366240185,2.105643628775916
0.21742810313490774,1.5734462704739158,-0.0544762345301929,-0.10205802669146545,0.5838768338394565,-0.6474144657070722
-1.0803289752824128,-0.2736467459208468,-0.430428939500016,-0.7317611886259697,0.46616231726847596,-0.60729482154066
0.1942835513820967,-0.7808107456745804,0.05485319398703255,0.04208382226256239,-0.09187569718912113,-0.6537745080279057
-0.23755203308342746,1.1359780062823865,-0.43785245281862906,-0.39039752514712606,0.10644113095594555,-0.2696022237322024
1.529530196465248,-0.2719125521774866,0.7145514568357555,0.3183226667752445,-1.6371529900728536,0.7767585246642915
-1.4351607321017963,-0.8439624407314023,-0.5478216574693628,-2.0793139910278207,1.5064656874283182,-1.522654406780309
-0.2843875070308906,-1.3386451858836048,-0.33735435596710733,-0.5773393943539693,0.3872817028154546,-0.33010606005559784
0.4914511405271031,-0.6908504329873314,0.6377432260642544,0.7674016990109528,-0.44173287015498985,0.026456151119595133
-0.2246223648360832,-0.03241968147277049,-0.026696996297670444,-0.26075692057153654,0.16985058559163205,0.06557843623616366
-0.10762803225692312,-0.40096630301475716,-0.2336180998483127,-0.003002742321124999,0.603941425697505,-0.23817163351635326
-0.33793737083332587,0.354424647350889,0.19087973684905152,0.029276571450046047,-0.10733714006574796,0.4945795491375323
-1.2129761045694265,1.0795019140634294,0.21536943964408942,-0.26388634739201267,0.9183015139309259,0.22991564809094406
-0.36886231035839273,-0.7620995677788492,-0.8332726483739464,-0.3012501106946911,-1.3974481139378745,1.0204612293105133
0.9418101344607822,-1.668234340788776,0.10566540735780221,0.9710234757419268,-0.7743561276292689,1.351942988958598
0.4910260030046738,0.5564923866041152,0.39093611498320263,0.5477882654076718,-0.28399159144986386,0.4516587415170894
-0.3922991290980151,0.32812426846712867,2.808221708126099,2.323677403504633,-4.612021095248976,2.8212050701930718
0.23963412073756682,0.9588892655762096,0.26581202038387874,0.0632620547989952,0.018904887551083237,-0.18723012911137726
0.5775534303954593,-0.9050558129380354,0.3477117345381131,0.8877665846987002,-1.1757065630171346,0.8334688533853111
0.5878378986135409,0.40257122161046716,1.199269350278914,2.4270482928988093,-0.08766875916345242,1.0530327568326114
-1.616147981891461,-0.3215602029731257,-0.49170630681767696,-0.2683765156442365,0.6169354803474524,-0.314959139898431
-0.8434875354088519,-0.6042625056961827,-0.46285946584498705,-0.05563752710019417,0.1606126287187488,0.7626804837950959
1.6777427387272057,-0.1224415992437665,1.5624945107519017,0.35131256036176606,0.011365136161358397,0.2897760965430956
-0.4642843914117708,0.8694031435098104,-0.9525095997787242,-1.7229327793261702,1.6569738197572412,-2.9425990360458876
0.5262230796375196,0.739781371770734,0.4882710777533363,0.5270424058908735,-0.1665760442683419,0.2583465194069711
0.1623335751384562,0.8257539522604901,1.9691473766727101,1.2298121617098126,0.45549376944841696,0.8663067638054593
0.9166211935972912,-0.4157312674811342,0.3461340932992302,-0.03813727813685916,-1.0724362527927063,0.10398789701851464
-1.3700907257328558,-0.005273371364554929,-0.8142217659328712,-0.49591679466782246,0.4300406954103526,-0.13023284706106367
1.3856270630417677,-0.6392393072740884,0.09637549532803633,-1.2107445709538496,-0.3428660060631141,-1.002851657672005
0.9378356447718726,-0.48366329795549373,0.034861962834364525,0.07202650154344009,-0.1721282895683631,-0.48113714296849686
-0.5781211638648064,0.8415381521537236,-1.573518062450008,-0.9078753285657828,0.7372345358105052,-0.9341660159814413
0.3369539281829056,-0.9745856939462576,0.0492934843489663,0.3299242339858173,-0.011624800302590138,0.04910640279722055
-3.191868620160781,1.275272115526595,-2.432998984649376,-3.326426064797133,1.1791685591143501,-1.749453875534395
0.8795958808301614,1.825806381967779,1.6683529832861548,0.20830177247439086,0.04394453201022289,-0.4374816019354264
-0.18534293096102455,-0.02585451785402169,-1.3612537486693832,-0.5607168687402251,0.522318602913469,-0.1550891333437383
0.4135515367904133,0.2089785333970885,-0.27101329907152677,0.47588185748521505,-2.3346752192996916,1.2205972641674532
0.5811831658669924,1.8248239527228267,1.1060946259536684,1.5117990156312127,-1.6822287699870797,0.3905448333977931
-2.1358697596430933,0.4552857083775219,-1.7413455848564132,-1.224742643339244,0.790321449984413,-1.133511319944217
0.9738538293893837,0.6438069128942651,-0.36956358858728955,-0.4872833201357297,0.8590244228392226,-0.5024875767099373
-1.1606913342595295,0.5109543128310737,1.20406754764728,1.3395123440793069,-1.0268184144927381,0.6763755107598987
-0.8844516859487412,-1.4118891604139854,0.07147958551482247,-0.12125600655410827,0.37501214357859153,-0.20520234679242794
-0.11708299425049681,0.6249494390408875,0.47105757542486726,1.3489027488975716,-1.6820782640187777,1.4917280518595653
-0.5347599435079521,0.4023713973179286,0.25059367299989566,0.16913445762743395,0.5229793134594739,0.07645895364185547
0.19710762957718828,-0.1969117599288788,-0.5644501084162896,-2.1230604510313826,1.6452077008680972,-1.7466119303934897
-0.7372834681541468,-1.5758447185594662,-2.317595300207915,-3.18086537272775,1.6225054467209017,-1.9150156550624358
0.14830392163245362,-0.17067356488489552,-0.3043804591638581,0.5344980121346482,-1.1091953009362976,0.49582752495569854
0.47390237412547725,0.13852063814126567,0.3466762326179387,0.008061201704073463,0.13148940836499393,-0.32997003901380234
1.8090773623112724,-0.1565741019905539,1.2668690068463484,0.4145609075224668,0.30876168280533767,-0.022099851101488578
-0.21180296100275467,0.18206876219201282,-0.01876094394241551,-1.0353522624860103,0.748653350440359,-1.5104322076477188
-0.44893794098924067,-0.09211950307224458,-0.37161405361524513,-0.48864974776006975,-1.5330131368912845,0.840995654163299
0.06759801758658303,0.39537197538717955,-0.7145002498042274,0.537329770618845,-0.6163167368520419,0.00956997760065763
0.20379694788350114,1.4470998764764547,0.25486468641986487,-1.9438514196423886,1.237829962447944,-1.4242585286899985
1.2766724937026734,-2.2944872086517925,-0.4356178454409031,0.10575624079908431,-2.390435216711115,0.7375030606117553
0.08130835827064019,0.24492273523948002,-0.11170239558204575,-0.22910021374252845,-1.2857837606845595,0.3071132071690314
-0.1454662929266978,0.7150889915375235,0.21870426603087123,0.5292748698188565,-0.4164224373722431,-0.6005982252944219
-0.4206602191329797,-1.975449738428957,-0.9180740001575559,-0.1091574367160697,-0.5666191532484384,0.6155270033486191
0.37291189283549225,0.004573077148216647,-0.07559837332772858,0.7452662005816902,-0.023253660409980892,0.3501114343827959
0.17638393929748689,0.7015509174864298,1.713731166898633,0.7385082008996272,-0.5935310864722444,0.49010214223080045
-1.431893100355397,0.3714184289954195,-0.4514908608949425,-0.07065830194916564,0.6666154628363994,-0.8090377511807565
-0.41668474781396597,-0.11599451840066505,1.1956308487696896,0.24350310761104396,-0.2629286292831373,0.5409845163497116
-0.8303680046804279,-0.19372784095750614,-0.4782371849223825,-0.7796578030342579,0.3310694158916022,-1.0737677793400748
-0.05870956446965387,-1.7741498330276395,-0.6936281330357444,-0.9249724864556962,0.8947306733304304,-0.6350124055592293
-0.2450422013899895,0.06329415227257663,1.7583822969445697,2.6897925769656323,-1.625040762714978,1.8609119235441536
-0.8666926566376504,0.7513639612732645,-0.1908774284818017,0.6005137039061388,-0.36066015214455505,0.3400933848156679
-0.00840671263360039,0.7680323040583377,0.6778272569247153,0.8028377699000715,-1.050122174693969,0.39712715940917065
0.22023770926951766,0.43715485534339854,0.7732417832493347,0.08558424880923363,-0.6530624373135911,0.26406294602853353
-0.3237656992766582,0.05573939040673797,-0.46993889363484537,-1.0357828446417408,1.6285581814606638,-1.2022723189559956
0.7331835285877721,-0.41359014638332586,0.08397307960912269,0.3932020956133842,-0.34902329944208016,-0.6634103443041376
-1.1846139014230774,-0.3226587499947678,-0.8455573854764129,-0.5899938040236794,1.4989801781637322,-0.5519904589435872
-1.588806688683953,-0.6521274724150692,-1.7453532608434796,-0.7540218888296059,0.009396188057155704,0.6971897541980876
0.3281938067062793,-0.21764874988244165,-0.14437851512986663,0.10903099332900905,0.09829595467917035,1.111802796284761
0.04370985669466438,-2.8896169371607026,-1.516170402578235,-1.2827948941332734,1.115424090039456,-0.7662582591517182
0.4451629636753222,-0.002443167240430071,0.7319781006107837,0.5462813217585775,0.13894995524991804,1.2487624683851979
1.393899637910485,0.6228422902030483,2.515058053083628,2.249512290545017,-1.8674392899022514,1.9413516201687477
-0.03648386467705566,-0.2150737188067143,-2.226432449893322,-1.6637042567416096,1.4257651288124624,-1.6577969994670136
0.6617357572475261,0.8930561630821872,0.960598548949714,-0.6774601456926849,-0.44783185828669103,-0.27834821141819766
0.19684526069535968,0.14411132278806738,0.4087047610277185,0.19282105567598773,1.2444051811692602,-0.24347959970031818
-0.03172907873683302,0.6280910232112844,0.02116860622447015,0.315537852761326,-0.8560623158120714,0.47317022525610075
-0.04753996093130964,3.2906121271810655,2.0388860204704677,1.5310263127657784,-0.9622649207979542,1.5351187443459466
2.878960139039836,-0.9851157497463332,0.9347649648852453,1.1629809038513996,0.4615386095666779,0.9882906051053236
-0.3142295637448636,-0.07793788388705254,-1.095515913916856,-0.4978617618985711,0.19682945734134613,-0.40522548348151144
-0.16820663295509855,-0.6825618586548039,-1.4770670980443386,-0.9639406274022748,0.7083374812781519,-0.8355104878965703
-0.08941599931125976,-0.8190753210796848,-0.135189927698237,0.17663800914462413,-0.09421987542048212,0.007830590220097145
0.18067957489346165,0.4426059992278722,1.762475589622426,0.8872886554160044,-0.39298432801493066,0.4148260559737811
-1.5465663885925638,-3.073368864369916,-2.0553731300603797,-2.0085324156769575,1.5059302014332168,-1.5259612310281883
0.20454985375775492,0.2023796504975584,1.544040613196392,0.3928815604874206,-0.4671978325169167,0.15993618703463408
-1.8757391524517022,1.2655034755621408,-0.7365624037949737,-0.6266214890066321,-1.1122931056517689,-0.9216504679814465
-0.24807344142106147,-0.05256598160878229,-0.5372196171687084,-0.49145982947558514,0.43482158167676943,-0.6870018898295183
-0.13922373105926314,0.37717819230380434,0.7837306310867179,0.23244632499758366,0.5715212683594528,-0.07980619433643757
0.04827073994092963,-0.8347365807574977,-0.5055558559767557,0.06144584940049942,0.18966123058124046,-0.14969831967278044
0.05750908057880513,0.5383093932469993,0.5523386016991345,-0.028929860655045554,1.415200720303568,-0.36308349929425776
0.11259798727924489,0.5983930463123972,0.48307183101543555,-0.7661653921661464,-0.14983967947135587,0.2879280185634737
-2.19359445924737,0.1894195380718438,-1.0647841960645004,-0.8344757673185969,0.21212112062213936,-0.33366305539073293
-0.35046735094210785,1.2677783972125838,0.7338975734560608,0.35983379415193756,0.43246666127942107,0.07641433461914596
0.40702845899097917,0.13450254348397037,0.5382405379030799,-1.0546892698529184,-1.5264670128055706,0.024270461209410996
-0.1807669283777702,0.20507169093090227,1.8156459814633772,1.23377115697208,-1.0698448322057394,1.1055510537798654
0.6986853193561832,-2.2238635709217056,0.1602613949807482,0.051465763760526244,-1.5338643262424412,0.5234708665281788
0.012549143163672697,0.7556987165334829,0.6792166160069132,1.2176885291655717,-1.1547849206495207,0.544727890979062
0.053765021906414134,-0.18831467724468615,-0.19345801312459637,0.011652056747964282,0.4113898516084472,0.8461039513958217
0.25712160978322696,0.3906314139407661,0.5012135593631484,-0.013700642718493824,-0.29014005088788797,0.030425724596996214
2.3453562106677577,0.05229766563474253,0.9170940921762585,1.8501928662460891,-2.0054072811830013,1.8431628396463908
-3.497168353285481,-0.7233840332455287,-0.9785958015060758,-0.1483923688046753,-0.10778884771158902,0.8099741340856814
-1.073559446356733,0.03318222659807571,-0.2776476525880557,0.5522293344361028,-0.07197882470689385,0.040546113681662825
-1.2799032238063899,1.4066865316978892,-0.48919877673836837,-0.49682961678255083,0.5408064709447127,-0.6507227095502441
-0.6809123780037406,0.31047053071016667,0.33897159286144724,-0.1548348904206361,0.28428927142926613,-0.5303781694447485
-2.311624365532479,-0.9395345665989373,-1.1495612545013147,-0.21747373892005603,0.9929582808964476,-0.27654853466723167
2.5799799455328563,0.11880471368555169,2.7085585285169187,2.3977659079540614,-1.6226856621606143,1.4817842941691346
-0.9067524894323061,1.1690860722788985,2.1230595293666314,1.6895982049753846,-1.0412520526202087,0.9412040276697845
-0.08979339449782049,-1.92224862757588,-0.872028433668548,-1.4799205851408939,1.3137329867978813,-1.7008372967140948
0.9724765731741659,-3.8833191410517425,-1.8627492934473426,-1.4502493430678554,-0.032753041839504754,-0.6322533465111231
-0.08993541707130828,0.7472887139160789,-0.2980019169293988,-0.9408325822960584,0.7513755253540162,-1.1383586447078282
-0.5533671094892684,0.20094082653823256,-1.7443292873264844,-0.16789188313830972,0.9034175197334217,-0.670991308585141
-0.43393378793088,0.5317536136395662,-0.5212175410610511,-0.7198201517853708,0.44751395929169524,-0.3796051025215364
-0.1728376547632421,-0.23042037376547847,0.2005804632161675,0.7806871677625843,-0.004146117156561663,1.396472970595691
-0.3975738147963799,0.15389132127558838,-4.127237850956926,-2.6539516095928946,2.41816386601374,-2.2137975495464697
-0.09508339652010847,-0.7510809538613117,-0.38579697086364684,-0.2505906292189396,0.8787265370154862,-2.8586836255226205
-0.1876777514098759,-0.9137317537541864,-0.2467338568951573,0.0911656991357574,-0.04830400275840423,0.11807212622482309
-1.3416425633184998,0.13807131199678976,-1.0492425464600625,-1.049450524444793,-0.16069675414698223,-1.726051509753686
0.9272958681901455,0.8758722959704479,1.0569821985771244,-0.36647213066509704,0.5060593153855474,-0.43374716693764775
1.9250654582309044,0.12258987558666667,1.2706829159733486,1.4006411882112986,-2.125754925085711,2.917382708308924
0.04263966538151378,-2.222151403594406,-0.8833247725103458,-0.7495208701811741,0.6242378001400477,-0.9689560510576153
-1.2359892046008831,-3.2966983444373525,-3.655120276589474,-3.898522923312308,2.6561091311575815,-4.209940448625086
1.1566678713203362,0.5589161784806506,1.0193204343394535,0.6247418241933904,1.4469988833504972,-0.28862064432518625
-0.2801429493072094,-0.14933744453184739,-0.9634908874474666,-0.4651003769078275,0.5329747636641965,-0.3650163058569617
-0.24415623613286347,-0.5617802944129596,-1.6256596189791261,-0.7877285661379938,0.10710736357469965,-0.12880412811374894
-0.5293931498729416,-0.38071722694905286,0.27969025644710255,0.618866788430134,-1.519221015369901,2.6822373620001603
1.3332296275222548,1.3145037681599665,1.9171367457481459,0.8970503413838383,0.025784972577365242,2.0485630228137652
0.2919347767743227,0.034920028592302664,1.1439827262859357,-0.7713958097657722,0.46570276713029324,-1.0640629745614623
-0.4128734065910649,-0.8017448659804731,-1.3321519492026157,-0.14693625704377347,1.2356667881955836,0.39895181096711174
-0.26717172125446265,-0.6217910945726258,-0.6054807699708193,-0.4728794388000916,0.9300698138598804,-0.7462720798036053
-0.17130889031305768,-1.3409089328706871,-1.1286672880285666,-1.2048306966136728,0.7617611676677224,-1.0092184191121134
-0.24607670892408398,1.5697992366105256,0.43045614980200403,-0.3854809010788432,1.1015436224701312,-0.4809710343669551
0.247951883081459,0.0015190740429904858,-0.49726328863433167,0.19236442472988072,-0.6333610181280961,0.8162880990684813
1.5759861113316644,-0.007966166084275566,0.8816309251541636,-0.23465447342012422,0.5894484657645627,-0.29639462642020015
-1.7944047591771561,-1.3753070545445956,-0.98622339349891,-0.20873458825487198,1.4295826045875113,-0.38911124933710134
0.7930757871718098,-0.33711607923110043,1.58208911022173,1.3605269191139562,-2.6859752411333324,2.056727228340424
0.7992912145512961,0.7172148610351263,1.2558322905138015,0.4382121343358097,-0.26561231303340355,0.022886830458700803
-0.6382924641909383,0.8449455025059358,0.09474841331367471,0.7849422548480106,0.03751909887283054,0.022223301993025822
2.1728361656907342,-0.010352334927425894,0.9731856949629443,1.5355707687541484,-0.8993208431504129,0.6913566438735368
0.9385812967992252,-0.3266294709136299,0.16462553021190404,-0.7250637200421945,0.9918128480530336,-1.566357844731327
0.36625334946142296,1.727218747625465,1.1629569148422434,0.8071504417880687,-0.7503064422929964,0.2297393221160116
-1.1475994819474664,-0.23143211579889986,-0.40727852371729667,-0.3097016820191919,0.35471519123039563,-0.42271100980468695
-0.13130276879376196,-0.34318657562762256,-0.3394085198385507,-0.35392636947532524,-0.33807956237582754,-0.4435672941197574
0.4611411634725055,-0.7791753570863793,0.06512970567595013,1.27558225148283,0.23727075433875972,0.6990399200770311
0.029003486258202336,0.05099520772515168,-0.5434511297068998,-0.46919993664531434,0.5527619396677198,-0.35103933175063495
-1.5727263984361812,0.8316110203369407,-1.466744109531028,-0.8525833590354733,0.5664770811745401,-0.23387469451150147
0.4805941069932431,0.08966548448202127,0.7904693257116984,1.395060204071783,-0.6020332466013034,0.9762533447402987
-0.19255258124536515,0.7576897564656133,-0.1940570522478161,0.5590193805719046,0.7072032246661076,-0.3798223471175113
-0.6337767394366891,-0.22898369628401594,0.30292984840344583,0.3046733309092217,-0.7780500788515482,0.40144205692961726
-0.31040283686127573,0.37607819429400463,1.174784039373235,1.9310440800823239,-1.3962062165266436,2.428868557427728
-1.1697977019645915,-0.6391184921179567,-1.2836039804830772,-0.9979286963899288,0.8117143976513271,-0.60768662738578
-0.28327523308094715,0.00382800822381542,-0.38892154228131603,0.029166767114006724,-0.06204856964384273,0.5812076232252004
-2.5179100542227153,-0.26238125468281376,-1.2521822663845716,-1.8976547683202603,1.2455829857399994,-0.9531762408208786
4.039329075729168,-0.2799947183574981,1.6811423965698529,1.0707648497782287,-0.1687590489758318,0.411820919651893
-0.9731464286987748,0.5542308948470253,-1.268544563171202,-1.1453851151430956,-0.13370968318351636,-0.739637273612057
-0.32820916704609576,-0.4979579296067333,-0.2984191871763605,-0.1520500589660162,-0.25817745457457203,0.11179537892251266
-0.4128615111899537,0.0690505035510561,-0.7916076596552531,-1.6127183026641494,0.3929470003173609,-0.944551628567108
-0.11212472804212444,-0.1522763073222847,-0.014398484884719297,-0.711046496434749,-0.04241083344996835,-0.195183065645478
-0.3280610105107774,1.0518236638086393,-0.13519609505214206,-0.0814336610725941,0.07040025566885622,0.39949359083638813
1.006079344326481,-0.46104997066838166,0.5200296699265299,1.662275345488283,-0.7891417273308434,0.9682448140821466
-0.7500036661676793,-0.1809635211472723,0.08691908010070097,0.9742386481392756,-0.8598396010311018,1.4467538270021818
3.6035379423641647,0.42807432559863,1.3787792051119119,1.0166194842896978,-0.7198282085937389,1.6750565008981753
-0.2240533650234487,-0.290954325547381,0.8190798947704473,0.147749400807702,-0.14777390000896812,-0.3248723137077081
2.340080278075425,0.4826087453040662,1.6943709263703113,1.4758166886928665,-0.6579916572086767,1.1324926917894367
-0.337233473992233,2.2228268638999498,1.0884122459316752,0.5043539135270947,-2.6538751198434904,1.7837176538889024
-1.3487313549100903,-0.1541403909858231,-0.5076508320551316,-0.7868108370926915,0.6560998789300295,-1.018404042406189
0.7284574299109663,0.11451128528208747,0.1638121383480437,0.0914679757068468,0.9946193981077066,-0.14101287942086177
-0.8683638966839989,-2.06806427488463,-2.338832073631444,-2.6709991909317705,1.9902746728006049,-1.8520562869332313
0.4199315873146272,0.6822738222027358,0.7969901796226758,-0.14100227668368248,0.40213216753336734,0.01937629903887708
0.9640582079532712,-0.13079517557734452,0.3377526643201641,0.6271938271162082,-0.29731002328121936,-0.2086160640172142
-0.6434389573270125,0.22909399957865093,0.565505173614351,0.12426470719562276,-0.5545126963298299,-0.40306454132939384
-0.37480761662322254,-0.5354484314755145,-0.780659206254442,-1.3262385408188573,1.6474220033299793,-0.6054037397683434
0.04527756725466624,0.3397865369695877,0.5648328091798136,0.37735132555411877,-0.9785399515409753,-0.4918022522995026
0.8994756187738542,0.060344350398288095,0.8471227377243463,0.14920574752955942,0.34303451503996013,-0.17330066519491788
0.8280356730528718,2.9282092781256486,2.099664543588585,3.54308970608929,-2.5455670935396717,2.6277440656290043
-0.07170023507491519,1.5941693827839136,0.8742351613206687,0.5972271335565493,-0.02018147517874925,2.0002237249657457
0.04931698262747339,0.16480676711341097,-0.15541541803638456,0.0708848821934583,-0.5022797894250172,0.2418314899790342
0.6105579667446673,-0.6559183377634189,1.2771121790700959,1.6519889626114173,-0.2079665366173913,1.896357976957033
-0.8837844167852242,-0.3084159150124266,-0.7958071704004773,-0.6077689322377043,0.7230584785449119,-0.5418604031338786
1.3615704041415657,0.12252984491706354,0.5142193203368237,0.5999493993610748,-1.4365369113343691,1.4027405571639018
0.8712697170301928,0.682927339879557,1.4364844961351135,0.9550938827092477,-0.9965371024906345,-0.1181265668220566
-0.5920333602688975,1.0874456602280846,1.2198578327491547,1.401230438775274,-1.35152581553596,1.6669819252381135
0.1595911905841017,1.016051144432254,0.5334683024480504,0.3615716037255768,-0.9511824980871179,0.9497351276700241
0.39147482472792167,0.6112565813899871,-0.9941927103928289,-0.7978514643087525,0.4062245141688916,-0.6244866993811792
0.19644761505081582,0.000281133090381009,0.22406331405534902,1.0119833048243743,-1.2638819622435846,1.733706293778011
-1.4266055223457572,0.16760317446817066,0.12045546429308489,0.008903566753235382,0.7469149720046216,-0.5498472904900327
-1.5366480547708807,-0.3854032825155926,0.23846455887280976,-0.06826571100282665,-0.3887417791582368,-0.349293040438037
-0.625603655847611,0.14420628019073908,-0.5169621552588392,0.2865204602159681,-0.1401587376131108,0.4331870705449798
-1.162712852875717,-0.13113979440808374,-0.07678499750207053,0.02179147797007416,-0.40663803794095543,-0.7416288594333623
-0.07425475136757909,0.13714061140003103,0.45363888141558933,0.497584852501497,-0.21518220932869972,0.16254195111033612
0.4050331744808898,-1.6984044531645694,0.14564548618170578,0.0592261963695702,0.09396080478386175,1.666457382387709
0.06502627152897876,-1.0701272276653526,0.15110456111119525,0.05660990791236548,-1.6266447134918973,0.7646557832113713
1.1341959883800383,0.31497895999545045,0.956158175447573,1.2493863791813564,-1.8900025918664338,1.6328883867280513
-0.06596711508409962,-0.04122046424528362,-0.044639903568738995,-0.8800052832546507,2.3475044348706766,-1.3643714993632017
-0.1281974212611605,-0.48116170102889044,-0.3327171129461688,0.8325768969416586,-0.21696548808303626,0.42969200525916373
-1.0232623739070303,1.9161231145186306,0.6374730263776657,0.5527121498190085,0.5545687247963437,0.6874900769912663
1.6369245781492383,-2.159909808002985,-0.46420904109985955,-0.03463965010476547,0.1627277140129059,0.1441749059300285
0.24832297093423725,1.4750623878730422,0.932486973179296,3.6732680978712593,-1.953822814882703,2.327483883147499
2.247544160518631,0.8439684066031904,0.6894831149444761,0.8282232699385474,-1.5930232185327944,0.9217422439476548
1.393555027582331,-4.880139213570998,-1.7397186232611657,-2.6422989043804077,1.554986090755725,-1.9749834777888542
-1.3092939559367216,0.9913477136880229,-1.6995603663770158,-0.7628017060920306,0.5824238394688185,0.593944075996284
0.11236928545272282,0.44563696879141484,-0.6862487920805532,-0.09483407330282224,0.13059981792162675,0.020414559445343313
-0.07052432063484088,-0.4884153966912177,-1.1363022931033568,0.21973781873698903,-0.29792941406099305,0.3032937438732513
0.45239362934431576,0.37458875628396315,-0.6042017675064181,-0.7695601378533939,-0.7967245699696248,-0.31769812421671606
-1.7679592630374346,1.4570149760211644,-0.70839227925362,-0.03260394470252792,0.03363512181250177,-0.32728832349246484
0.22007217634100046,-1.3133123660855637,-1.0454583284584007,-0.39679830171476155,1.3702773695290666,-0.6708015879920962
0.12563192962712239,-0.28611401575646894,0.6696840896143104,0.5818028839829279,-0.11819624200558934,-0.006631941033632765
-0.2597661625530762,-0.85312265556636,-0.4246656188404573,0.06977015248250881,0.3830228840680961,0.08990082298448358
-1.0332172369924177,0.9689298117099178,-1.2224450863935175,-1.2375856262573905,2.791020519187449,-1.6540982286019337
0.27790541746667513,-0.8630073198266919,-0.729380374579408,-0.5929084252291839,1.6460833253534497,-0.8842169889740603
-1.7170961805451812,-1.0043622833867052,-0.7580041698246823,-0.49150965124646495,0.7920014317300625,-0.9984044256693332
-0.33119735846103904,-1.0598670643697747,-0.44653049757503155,0.6492558290143882,0.4595257421876192,0.60306683376961
-2.1132675241352135,0.8151966720444023,-0.8937121547400525,-0.3854946975583164,-0.10261843210609495,0.3527929428649938
-0.3979539469226062,-0.55598855183433,-2.2001205541523583,-2.6597140090096474,2.643177281891359,-2.1772655151164755
-0.5463218361263947,1.9093361560908264,0.49411474787148557,0.8757267568911419,-0.5961487036871922,0.8512401947079014
0.14113679303572169,-1.7138919324644004,-0.8754148468568784,-0.32148325003944095,-0.6849890979550807,-0.2414880669186861
0.27361263966254573,0.0027817947693800273,-0.09180272742639448,0.41613598283596703,-0.6268244082605724,-0.10503982258563166
0.329724859883303,-0.8364243728866977,1.170627690799313,1.2531749580586227,-0.19716570802733566,1.1578589304856988
-0.19225584664757428,-0.6192845192943606,0.20734658263079037,0.3566778803227232,0.5538046023869535,-0.13990238435962762
0.4522596900124914,-0.6161861184823465,0.4039938867238226,0.3471585047451325,0.4456041623001724,-0.05118929482319339
0.22266709982995292,0.1496434191233533,0.3307960174230367,-0.40909295354029374,0.9526354250179438,-0.579267143120815
-0.0016991922540327228,-0.4925095383396278,0.4265938087785298,0.31762223062624784,1.4051410069854393,0.7297233609393093
0.5278377146909253,-0.19506961626831001,0.968411032751326,1.2768288148722515,-0.8733169429673173,1.6014369425825208
1.9862236260026267,0.9313113000653397,1.5608464541729545,2.351701644178727,-2.894895791511714,2.2648874142634243
-0.0802999600893064,0.21873119878049044,0.011508623794068982,-0.4894753306395775,-0.8245655214051485,-0.07320276791796895
1.7725925805707874,-2.8577196819039523,-0.6565950108795625,-0.2573969482817593,0.4230296222839218,-1.5071425746210414
0.14908390939225052,-0.36229083578308424,0.0014592035157854277,-0.2446054818708222,0.08511819532481248,-0.11677211276231206
-0.2343555544247589,0.2306991148491268,-0.4095354074050409,-0.20939586341134897,-0.34282216198796434,0.43532048422034025
-0.08624928405981662,-0.24867196409742326,-0.5944785019181839,-0.6420200315026073,0.03171020235030982,0.3544894995432233
0.2118398310234312,-1.0735982682143432,0.16876675712921352,-0.32904234121306647,-0.1284714829961184,-0.41736286500981096
-0.3796601313626022,-1.005296629501579,-1.2956239771565263,-0.8465817134891126,0.4484222505477124,-0.48214827570671237
1.2762366599377235,-0.1667428896817555,0.35577805086974806,0.07688479104925233,1.192808559915296,-0.5752556614051244
-0.2362748238194074,0.24734543454116906,0.8914844253603847,0.5339898542108866,-0.042335838600012395,0.2527113141136948
0.1519119677625555,0.022182922453944882,0.40933933380184423,0.9667207825091563,-1.1607052008866003,1.7960191721120777
0.8495719592817536,-0.43947965000774397,0.39354129488138173,0.42945488125434594,-0.4148704124950364,-0.03374481798615755
0.7120914820412653,-0.7331102024173267,-0.9204090893221539,-1.0238473017592866,0.8663151985771991,0.01996486689003944
0.25025456932198775,-0.27292440984191213,-0.9017653391061979,-0.9654871022329594,1.1726748850427404,-1.8736905769032326
0.34469477152582745,1.0204820345840342,-0.36283622413372,-0.24455485301753296,-0.16538741848271657,-0.9982546277295814
0.46004426047125735,-1.1747870816144494,-0.8192244654144398,-1.5253024006051166,1.3071496885051632,-1.3503699232086301
0.08352729247441763,-1.2396734093184796,-1.004875850703546,-0.2287613300030941,0.20554631078143548,0.17216032701328055
-0.15500065135414573,-1.1157166193839114,-1.3568090819817842,-0.6818273567140302,1.7820007543305365,-0.6940414633860092
1.0802912576287504,0.14255404184818762,-0.2485346565387698,-1.1180031943816915,0.0886470904259395,-0.13716738363330727
-0.8595441947319601,-1.9226106447290328,-0.19828651373257258,-1.0330623025406216,0.7578511823275036,-0.43502071975910406
-1.0162093247200397,-0.2670173120731905,0.7671334779411905,-0.4939088009145783,0.45490700196756995,-0.4627319561774441
-0.38572902076884197,-0.27370953494216727,-0.05241834638012147,-0.07392371319461287,0.6457954585810932,-0.29875553625041174
-0.589275247729273,-0.04979290946422289,0.03989629053785872,-0.33925779080323976,0.4860855885939095,-0.3558127930035572
2.0386688399953323,-0.03472208976248628,0.8170133891775807,0.5403081485389455,0.6696459020192744,0.025153265221722378
-0.007383402285928206,0.8257187731449716,0.35125073459466244,0.24257571504090003,-0.005762987764460928,0.5538686608640869
0.989064530091383,-0.27776012086546054,0.26919389241471237,0.7125966064108568,-0.773086255774107,0.3407227273418421
0.026464045782128052,-0.6943044839615959,-0.04158250128131939,-0.02369287891716716,0.2042357578073535,-0.4989185238779985
-0.6445142929768405,0.6347962872091464,-0.36339086290862244,-1.5184826929434163,0.7474241245350943,-0.6377729286328302
0.9322782200987264,-0.48076266459761025,0.00823850072100214,-0.2814618272832059,1.8696270979535121,-1.077394429773012
0.9729264010961887,-0.7911156183417938,-0.5050426784559273,0.08170803794864293,-0.39293210008782553,0.42430660316035884
-1.0438869597601763,-2.1107571862935757,-1.2621428743742544,-0.5309542851145319,-0.08304077876169609,-0.4265238041458714
0.4885203969987794,1.725732087035223,2.2354475940809873,2.042651764493622,-1.2759400057249732,1.6994968669490194
0.052705157683778446,0.33203789146571155,0.40603825067956584,0.5478652138203122,-0.6051055749766477,1.0493353027510026
-0.7802806433648147,0.2632226196783677,-0.855874528581385,-1.073595221518709,0.4433049661355008,-0.4834525524931719
-0.3316355918855687,-1.0910062569024803,-1.0036982573108533,-1.0701203144641331,0.36317555381683075,-0.3397570259506813
0.39618588451253584,0.8046005246754624,0.7458223112644874,0.3342071050764322,-1.0543820792131737,0.6613840887944248
-0.7507823502853718,-1.349564550080432,-0.8802274289980445,-1.0184009391443094,1.1526017700278837,0.35742740940631873
0.11925977006132062,0.3943884890087789,0.1524639369989893,0.16619838673695228,-0.040522142145985506,0.3424877500555987
-0.003626862144759533,0.790944011240196,-2.3774691893601565,-2.0169824186361818,1.7490371230567519,-1.2225546822837647
-0.007192214117812014,0.010093735438738864,-0.6676785229770332,-0.17645738426041627,0.3975337864770547,0.020588491616150492
-0.7692743250208477,-0.5908387929117056,-0.9816752805336716,-1.9220830512789073,1.8773584935768373,-1.9299696363262817
0.6944442278983889,2.081039308812561,1.4512047437225963,1.2297343272217791,-1.9380259718562936,1.2075554391362466
0.007677254854964767,-1.5786821108289064,-0.3395368968815355,-0.6189461384253226,1.2622035800094287,-0.7474824728067809
0.2856012187222131,-0.3484676696808979,0.49903694649230346,0.8571918539240059,-0.9239937903446236,1.0267638595033841
0.1568479686617207,0.23720604416904517,0.714400147439054,1.2421522426053928,-0.9118064272514977,0.941448794033192
-0.3690284486063312,0.26930211638084856,-0.4212575835660631,-0.2645728410230885,0.6651136825832268,0.13692394411386968
0.40348530516801745,-0.5891059756221274,0.5563661231087754,-0.9275179024230147,0.8794880659902657,-0.8606689129849733
-0.21536879628918956,-0.35584451931658057,-0.6899811845541891,-1.5263837834816145,1.245049745777702,-1.2121754900711401
1.2713302188479805,-0.08282963403787916,0.33709711459472275,0.5507288065689365,0.20087798184799044,-0.6043490195633412
-0.1145938304101888,2.156323594571415,0.6185976009048494,0.08813700558579506,0.16776015149949594,0.44164534905953584
-0.7227607557094401,2.908322378399702,0.7181574803850549,0.523542951982209,1.2957857222481581,0.8490606094434852
-0.10409785403997812,-1.0213434622352748,-0.5850708244997078,0.04729287590717951,0.7269759679369155,-0.5430745480023293
-0.22156191728647992,0.89094822481218,0.595423289851258,0.886332183271291,0.06733135068641123,1.1658424867737083
1.6032898801331725,-0.09113764673204425,0.26819471512082216,2.2944041713243686,-0.6527947281019824,1.4672535450256394
-0.39636879370400807,-0.4018276503108894,-0.7659370250578107,-0.4257597382785184,1.121436257658826,-0.8477874437451776
1.02075798473106,-0.02740340631257897,0.6778965728240377,0.30292680295153673,0.6066875853719806,-0.1102792728843857
-2.162147189451722,-1.4347602704669384,-1.7586261090585067,-1.2575671951633731,1.27778566361412,-0.5652332993378062
-0.9854738684835276,0.4660926510039913,1.4377175247515153,0.982299607199486,-0.48860249958413743,0.4747855625227013
-0.4278569519326534,0.40678720917729605,-1.2419114292476396,-1.044950869054749,0.15738277148138843,-0.17182628469648514
0.4153254700410509,-0.40849863469166,-0.8030294615630836,4.165816975567766,-2.329085231882212,2.9695549690859497
0.10983043121188323,-1.8006332882756435,-0.7259135682754916,0.16704334863733336,-0.3752390796673937,0.6506693661895752
-0.18224519333207065,0.5116917669093147,-0.4568070675127091,-0.4766967911266219,0.40422543287914053,-0.8028565431663611
-0.18681774797301431,2.171525835330466,1.257348411234537,2.052706861264898,-1.7063103408426188,2.2012286955699554
0.7632494542291476,-0.8392159094610502,0.013811603559297121,1.6805127730505087,-1.3176681912750827,1.1924088434587006
-0.644560221211949,2.361443759918378,0.8169625680074015,0.5389469432180969,-0.5083116896410889,-0.6382820717597465
0.5557151561689815,0.14132864700237652,0.5225187101405918,0.4590473439217141,-0.06247108547748273,0.1993170740789109
-0.26005785706788165,-0.4496428957131301,-0.053811918275352345,-0.0785247848480961,0.5197187567164858,-0.3601326607573643
0.29332793027005816,0.5710796456535373,0.43337889865867935,0.3390107361660693,-0.15971438119460651,-0.4731849765897219
0.6602760455132829,0.5766649143796782,0.3367051687380438,0.6285123693587638,-1.434280261303388,0.6722099402041526
-0.16015319664004654,-0.16932690121725777,0.1154595169431991,0.3712535181964777,0.05867096584709941,0.5084291038477741
-0.7220092443523073,0.1687150912369925,-0.9450187577437001,-1.6518109634905889,1.0903645520325762,-1.0889137852124333
-0.5718707776424146,-0.4960432806729203,-0.6825932276674481,-2.8893272859045838,2.1363197495023694,-2.1841331111022573
-0.5537768475797622,0.19313137649781348,-0.014510005360795122,0.08619090068539165,-0.4401309386557681,-0.06832595686001439
-1.2250173338590435,-0.5646480715719453,-0.9676087815313926,-0.9810079858591899,0.7686611763119485,-1.0475653809111096
-0.16405635774083266,-0.153195651302535,0.17986287713958116,0.5130767551379025,-0.711352701944884,1.016906061079672
0.18991375175752578,0.6516040121962888,0.8020649718108119,-0.8323848897748871,0.593404030627028,-2.1455359520565467
-0.23402729790521873,0.6614863190006044,0.5888513866604013,0.0825012167811808,-0.8546587097941009,-0.1360572142031025
1.684004976110273,0.33216880982543495,1.1619225508342008,0.9058460914719668,-0.7051350417817756,0.8290821809022318
1.4472669649285135,1.195017354074523,1.1012286431042124,1.1172866587609194,-0.8503131811240295,2.590847279881768
0.5205288268262944,0.605617287271985,0.5258349696715591,0.22978818394479925,0.406487395286772,-1.1541931857897814
0.5755054592712127,0.21379582739480657,0.6740464284817975,0.4810211857542297,-0.7713179102501394,-0.06229945096488161
-0.38477893153805715,0.3402277394091779,0.8623786993912522,0.4469293297724101,-0.23324516986135216,0.7131152608428305
0.46364858379725404,-0.8353496574221762,0.5212341676104055,0.10031695057908889,0.6024971780134425,-0.1879451024075986
-1.6511779114490945,-1.5774005603722188,-1.2937698632955392,-1.0934622075267306,0.4447946151275337,-0.3902309241385381
-2.3465267936253285,-0.4192556148495911,-1.0149831900215147,-0.4972995750012722,0.17813226292026021,-0.1543115242333482
-1.4678386978031004,0.5578404892018883,-1.7905022191134177,-1.18156770105714,2.8999530736193937,-1.626471802701213
-0.37539714171640143,2.481122449468658,0.8810419990767498,-0.19517456726645913,-1.0240225863307746,1.0383140910440032
0.37771950167814283,-0.49598677782144923,1.1863248891491132,0.9426417147017658,-0.8426537872321972,0.7268326765869575
-2.019269736669962,2.206609770033276,0.3145094231717772,0.8390260230184708,-0.43445139766735014,0.6395929129772128
-0.24088422720435332,0.7533482545121332,0.5333299321841396,0.2495907410030385,-1.2187252193662874,0.5071780047444377
0.0990556215942049,-0.6883066819390335,0.48602944497688083,0.8369912704843048,-0.25004444867166353,0.10665480209805277
0.786759229388072,0.11623141146613473,0.2744949739329697,0.4880710303739538,-0.7872021754063558,0.6788011150776779
0.043788514218518725,-0.37030110919560894,-1.4496423927554298,-1.0744106467118564,1.4433567780853853,-1.1727544490709274
-0.5573049988139736,0.5208360468591121,0.20723906523018837,-0.7431687829892399,2.0609169682444626,-2.7916315694523277
-1.2994204769339754,-0.16724344850455858,-0.7624046789596485,-0.5180302428067916,-0.3144707155769194,-0.18233423238427432
-0.04288754219839936,-0.09679333283515155,-0.12823565046246474,-0.3673499410673882,-1.0087636823797,0.09987690963622854
0.6212507047727475,0.16360325224445313,-0.3989925392713706,1.2716137858101095,-0.638641679241526,0.3407452869769169
0.7219769774606422,-0.29092694209579595,-0.1525238145088554,0.45252300225115655,-1.518646152143681,0.7395245355477047
0.14200089134897462,0.653567125104486,0.7915284377072609,0.5970422526543059,-0.8683460485576115,-0.5770108984153385
-0.7778458882995443,0.22938578007045915,0.9144682183161251,0.8807116715763335,-1.6126286175664053,0.9324450181744053
-1.3997529511578795,-1.4425135353195806,-2.514200820374846,-1.4082336301664904,0.5286637299008254,-1.1929913317933774
-1.7127498015428637,0.1587803185303086,-0.6359950259831065,0.5031653213867384,0.21643866083088295,-0.6277710679821218
-0.490310100809058,-0.02576467613989053,-0.5066546637637162,-0.1743492019590815,0.3204205072920311,-0.7292941342201708
-0.0023466366804569027,1.3908265634600576,0.8241043960054933,0.4855581510504884,-1.3363379674995712,0.6752974546589143
-0.9100199347023122,1.6737153921895542,-0.06750220796971548,-0.5946621795432171,-0.12450571402227756,0.012037763077400924
0.14275449205483676,-1.3608449945511556,0.42745989769662734,0.766764920015124,0.001925219777754978,0.8012577515090428
-0.3815245128704759,0.578739805918697,-0.03851293126609232,-0.8224832990995515,0.7174252085894914,-1.6035174398227583
0.5628856202518059,0.24602913688817626,0.6176412821440043,-0.7855003505623827,0.597962707184357,-0.5522122278824845
-0.007510264510835879,0.0644849291582558,-0.008554501017269022,0.3827413909046069,0.0760385488363581,-0.6618888776829887
0.4910878689700021,-0.9427094666925397,0.11886752074748566,0.3741476152356912,0.15102334368040596,-0.31303068129312506
-0.5256857152826837,1.1107252434729216,0.5198611896759017,0.23549389700977602,-1.3329239698299133,1.0364493303570734
0.05434088918393012,0.2905042733636533,-0.021421284739190326,0.5248915094622791,-0.43213053731311435,0.022079061241548497
1.0023420187824672,0.26498963740392284,-1.1742311791749511,-0.08585080612276819,-0.5362481413795279,0.01364925930622491
-2.4706881272554684,1.786280537556791,-2.9175292500848573,-2.2155154817400575,2.088491432194517,-1.327500504218807
1.3757916560559456,-0.9043870404444144,0.02188136705744516,-1.326743297003889,1.0719540193646782,-2.1169873636965626
0.09116502375399178,-0.11276416931030182,0.4175900413928256,-0.33392481593773016,0.3391114867966894,-0.20276261300555684
3.708062388626459,-1.7492221446317247,1.1553293526171637,0.7405350696378694,0.08153729415689318,-0.15778885834057413
-0.45280449797141376,-0.32280737748758287,-0.35128895810948857,-0.6124885857335031,0.657256811765331,-0.5649827305911365
-0.06733191593742324,3.924719909437276,0.5680402947959977,-0.33739278770664305,0.12392208117055532,-0.5508083219522488
0.27327540934584255,-0.11881946199732635,-0.10069288214732905,-0.2092603278373195,-0.8225046545959622,0.18484413719854334
0.09543514871492342,0.7705464487423958,0.481730570659947,0.2758269133767023,-0.14876474786249785,0.3179075505366438
0.14481675975921982,0.9296066271635852,0.8110107115028654,0.7835073645798437,0.1715975207749109,0.22749019108537422
0.875364398802687,0.11863477468030358,0.8764526978275015,1.09244449211175,-2.1928585495989985,1.2761069586311022
-0.8511640149565651,0.7922533996169555,-0.17187171703999873,-0.052926917134857025,1.1362903312693218,0.9663548887471327
0.3530672413877005,-0.5067208496638393,0.28054610107605205,2.125035160078847,-1.3605740431154933,1.8411905155128947
-0.13462940252106165,-1.1994837088632513,-1.9732448235992355,-1.8127864456333596,1.1175466213900391,-0.5496671657107536
1.1866546077465114,-0.5368518339628159,0.3458516333417043,0.23640329346528835,-0.04283167232079683,0.10835951460211392
1.559079755498058,-1.0414946753786851,0.5561294104645571,0.18263162176274558,1.9017420975954107,-1.2687815796406312
-0.13626459988477846,-1.0338884180260135,0.10671093499720968,-0.07412685399691984,0.6106203639467195,-0.339213690658457
-0.28989272798605237,-1.527656188462699,0.35870214667070827,-0.5716590050422021,1.2863306401072292,-1.1738436879091794
1.0949927042962646,-1.2417236321786407,0.32073350981160065,0.26331959474756117,0.2274105295792299,-0.7593931883118654
1.4686551348069818,-0.9475568218137463,0.6252198231695784,0.5875624153920174,-1.8848239044300734,1.523074493015263
0.5086739193245036,0.13022061883126765,0.30536908337676516,-0.3208151314666353,1.8137752804950955,-0.8629717125411356
1.122470656111745,-0.2777390162237017,0.4487991073930483,-0.4157862982484687,0.5034280235956861,-0.63354171724066
1.5548659589934024,2.818869779740821,1.8915841267605134,0.5174064148081815,-0.6575680364388187,0.38918894339856486
-0.07422701312752342,0.2631630722590646,1.06880861612093,0.7186414369396235,-1.2523514017300166,0.200810071130761
-0.2861643515760684,1.4486812971321574,0.4013673990811412,1.098717581811495,-0.5507846512353366,0.2723929192582944
-1.5915302347568472,0.48448342837040864,-0.8818749627915162,-2.018947552498452,1.1102349366737845,-1.2790611052391818
-0.14540280271261008,1.1328854704595825,1.0015231118448318,-0.5904282109504218,0.8298025329577307,-0.48462494706143994
-0.644507966432871,1.5329837168156648,0.4251576976546711,0.7602263429976396,0.3802625758131161,-0.5895133567417798
0.3728348317693447,-0.10536266973873218,0.12092607468361032,-0.14097603016993854,0.24377553016677425,-1.1907753692651681
0.12716545391588563,-0.4467448704258936,0.8504567025957889,0.6147245736001709,0.6357486248114245,0.38335853123847274
1.4110512687141457,-1.1634366726617809,-0.7886712150669407,-0.25168533227303974,-1.1722274153850711,0.24522980764508867
0.285432894197507,1.8393707779398223,0.17954264583504276,-0.1814492882470522,0.0972761793939507,-0.21673256148952622
-0.5425376092734512,-0.43326850325602456,-0.3577017469916127,1.2475497543437797,-1.2087449125746272,0.24401767550916031
-0.2580471560596377,2.276845911925524,-0.3523535577039743,-0.40134396335656536,-0.2866551088822619,0.29701527771710906
-0.05126684503186777,0.4712427005405699,1.003744715299999,0.6878714175132243,1.299628725974096,-0.1321441100999264
0.0017388738895154946,0.7286102884343841,1.6601056600017008,2.734020483632143,-2.665878621454811,2.0979580969781164
1.463073235267095,-1.7145446664433097,-0.282361946063496,-0.17677597875340198,0.22358504145374244,-2.3371985389907155
0.16698554033560895,1.2321765593086653,1.3715578029025652,0.5298419102646097,0.2722056975103557,0.11852248630325564
-0.3560968039061462,-1.1467958022222384,-0.6888758108759023,-0.8322554924838169,0.5250288435429161,-0.23673024229776016
-0.47645303432832237,0.70934207146318,0.19021447565951552,0.6648305226015225,-0.7962826227865247,1.894357467596766
0.06457778560305943,-1.7277483241456968,-0.7801559366521469,-0.7163171422073054,0.8982254906739752,-0.8727166440439281
-1.3076276274466976,1.6104819947054634,0.9410826459570041,0.4647450378043346,-0.1106625052580641,0.16640345534427328
-0.1139261880567655,-1.3906554263535778,-0.8587769452263921,-2.487381135638341,1.7153109487264013,-2.893637356236537
1.0637471161358487,-0.7052702358079223,1.2094773417353206,-0.759486230344639,0.22657524779528584,-0.5133430366595864
1.2307988570438226,-0.004424116119283226,0.46572052492872423,-0.3262120911384159,1.0790633394511282,-1.1108046863999224
0.03931225870812957,-0.6465185097549172,-0.57298087309132,-0.702535117941209,0.46498489609370036,-0.428681759824371
0.014606635394843822,-0.9450278332997086,2.0062067331147277,3.123945113177369,-2.02363286833709,2.2551073374143096
-0.34382148466504847,-0.1498864113790017,-1.0560594525621523,-0.751987925841896,1.5382043789090407,-1.2935154780299072
0.08641826321567157,-1.3905864291664527,-1.1842516062113733,-2.0791040861223515,1.3533268977543906,-1.6893894542771593
-0.11596772374090154,0.17835301848105936,0.19692542013629638,0.14421594724113018,-0.3452777201998458,-0.2421285252267212
0.1989275067562344,0.4958590383781987,1.4648650212474188,0.7781944842790491,0.2633190460041261,0.3510283945609414
1.6288661047580602,0.061248874833987485,1.5277639199395843,1.7874149953026617,-1.0811629867563994,-0.20632829534396138
0.45379793524099876,0.15831958791514206,0.6325633930453388,2.2504612370814154,-0.8698525065071493,0.9843071672082678
-0.9691191849238189,-0.41021471255616954,-2.3644713107198214,-1.6764647972697388,1.1431568870458242,-2.0633673623959012
-0.808809681257103,0.021630095524367027,-1.3866704636756193,-0.6727297493466607,0.8348668226347554,0.07020250147717387
0.28786394841014407,0.25679435415541557,0.763900233993896,0.35992455273650603,-0.05502104071044125,0.894703302828993
2.060352613497944,1.4227395374920335,2.1822344996836636,1.07544098416632,-1.0573998970297884,0.9762603204766931
0.10372757002079062,0.09339581297014729,1.7920232251438322,1.4513686596846451,-2.1063205544105914,1.1771338329892391
0.7480450519703276,2.3213607538790773,1.313734988955469,-0.026206097815103208,-0.37858850032504715,0.1658157364004138
-0.46767076184080864,-0.08921395302384823,-0.16629496295238338,-0.1322184101830446,0.23091224134924856,-0.32937840376678035
-0.5645103797676102,0.2216073147231433,-0.4316107147916586,0.15610518185982392,-0.20359890127852945,-0.046564174555049506
2.335574590697087,0.47833445724391815,0.5863016902961511,-0.08113828197753967,0.18711086258120285,-0.1322728433590015
0.9456720904254611,-0.9956765892446654,0.32127703898389254,0.5053538539908967,-0.1722866286356957,0.8883833348609017
-0.1277687301961674,0.8001584742117216,0.6041196730615455,0.018382489864863485,1.6311121926810286,-0.5461447412001481
0.6577820897723389,0.7925382528312197,-0.2939413320484366,0.03533754120757837,-0.054310887585086454,0.8615043135319254
0.18631855520374646,-0.9131273285332069,-0.1870764464958669,-0.5566963386720872,0.5200002020997727,-0.4117715211798217
0.5328451458171353,0.31816199692663333,1.0788891489904304,0.7090671180975403,-0.752206334443908,-0.40257215059015156
0.08618959596434635,-0.06465137784488825,0.4467561234266372,0.1705409044996339,0.07968034426006705,0.8881630959032447
0.2717661780227171,-0.6219923345529689,-0.3447367135967158,-1.2391310573781806,-0.1120176427833487,-0.5650651525180572
1.485985054841867,-0.5012451787069421,-1.4225587037039575,-0.8995703017889609,0.39262487155557174,-0.12199680810734047
-0.1588429251408127,-0.7989970180678871,-0.7701252988541959,-1.496781904237315,0.8340501384043747,0.8897134195851831
0.4028094592470488,1.3753807178118773,0.2362968725584396,0.29537965658211696,0.523888377052042,-0.45943273286093417
1.7474785406861162,0.7622191957483506,1.1315770839074164,0.7820575817085852,-2.879533436352356,1.5507812418712923
-1.831140759037836,0.495869207072442,-0.6650922924158795,0.06255682366090089,-0.5422033060737036,0.28785169626670526
-0.5375165557313565,-0.6196376338566791,-0.5279690529671417,-0.45454357355382713,0.006077413293974326,-1.381483601532453
-0.2895588201589761,0.48654432340484854,-0.4875083687090425,-1.3635486484728914,0.09613473650022696,-0.5722849464403573
0.061399189417533695,-0.3597192519070774,-0.2821399087870192,-0.4121449209363821,0.062456697311001,0.0029784132733685054
-0.11885984711614,0.07558649716463836,-0.3776351032108721,-0.040081952323352966,0.44320238124739797,-0.40972987472789624
1.4841992066127097,-2.0568870749419084,0.4797287509288927,-0.5284489400000892,0.2935696096366428,-0.4586753991018771
-0.7363962216858604,1.2430965168343413,0.7050077750604439,0.002634189614270298,0.6319105461777229,-0.19657036683822232
-0.40122765565127205,-0.18654491496370307,0.8375783733935624,-0.17409822691660934,-0.14287405132557274,-0.8509968583514571
-1.3828597822127227,0.392389577390231,-0.5799648474865301,-0.0073854899306888344,-2.4969482343167764,1.4555181046590164
-0.7876317538224907,-0.903712258665924,-0.27187071096440396,-0.5242407101685393,0.6122357127990358,-1.1908321966529296
0.09773171109286383,-0.5655908187481835,-0.6390972869975962,-1.0940114416851614,0.004925718133586734,-0.7053788264045098
-1.6618000782836742,0.5540519054610265,-0.70607509528505,-0.3521014241019049,0.6224128904536724,-0.2918213309012527
1.4700300603943397,0.41100337489892946,0.8428898439387112,0.26992745161424625,-0.15349943877430935,0.29321327355770205
0.4673628577837583,0.2253873973407762,0.12396154847414469,0.16070840090739177,-0.36044112465482336,0.7133722964937731
-1.3068769323854184,-0.10083790960017608,-1.1084439572690834,-0.4320618401619461,0.41405324449707287,-0.709184620463531
0.5622862257512647,0.27572936915298535,1.373361148955404,1.1149217199747268,-0.5323528742112553,0.913418933949748
-1.050489065151719,1.194339253581934,0.012804115420604138,0.47187359405838736,0.3667448107624336,-0.3975147407662433
-0.027700397508483292,0.7650124677136728,0.6671876605598185,0.10251493067828961,-0.09727072799426689,0.28941757343300617
-0.6536198335917472,0.6462670892857684,-0.4144692079343818,-0.00980799056129332,0.05233770996953841,0.04011733514683736
-0.8081142219159269,-0.011539008271567702,-0.10394432269452843,0.01944712197825654,-0.1908751247547344,0.6089843442299927
-0.003919347617764891,-0.007339739034695318,0.29963665766477005,0.08474197464515673,-0.5329716446953958,0.7164297201884229
0.9869845482273829,1.1453815385349806,1.9040077365067203,1.5157022820712187,0.44783123163222144,-1.3006838057687162
-1.3189668580813458,-0.3371088902182647,-1.0759873840750307,-0.6345487540698713,0.18753234336762664,-0.655782971503227
-0.6748541307551785,0.10842834868732142,0.9107670477085911,0.04935572424868492,-0.14495123121944106,0.17844714958260363
-0.07321048865753801,-0.5029349976939862,0.4021976742239084,-0.047691773017989714,-0.68548070280749,0.07939197299994677
1.6652567570035386,-0.01309176332607441,0.28543261823505306,0.23523192282220834,-0.5060654828486344,-0.8512355163631011
-0.28002484422071805,-0.43996043476718943,-0.3953666948836944,-0.734358029321085,0.31989223578478215,-0.03728870941740014
0.903522344896315,1.020810359045797,0.8280202056497381,0.522698295500192,0.28552537881848605,1.1400912415972166
0.009522992682392657,1.1792767553972652,3.450795065582304,2.3212779682417066,-0.8791031228571337,1.132098776080458
-0.12372991698836165,-0.15502292615141638,0.14610565261200736,0.12667194889641148,0.43992535980004394,-0.431987096665929
0.47765099687431667,0.6482624632097578,-0.04567548412417887,-0.5747300798792804,0.4164925581404037,-0.1719937520463251
-0.7193007297971886,0.6779586887448698,-0.011130885948020555,0.10419674469403158,0.5194848719827361,-0.18712642192469503
-0.013093708672814303,1.0091916697538326,0.8851785387537862,0.9109405690152048,-2.0031784427091743,2.2384395454443977
-1.95964586383326,0.49613468500466285,-1.8046826858545773,-1.3290248266828681,0.9389697903596715,-1.1170125724855693
-0.017329098436437505,-0.4798738125007379,0.15324749494181078,-0.11434700436158979,-0.012077901338439253,-0.007877030176318429
3.411571413984103,0.2793544447198422,2.110294028544994,1.0404655014767124,-0.8146504353791336,1.0807013109675132
-1.4374384756940888,-0.36177239361395613,-0.47090061497239016,0.2323041453597678,-1.1194861091830561,0.47023208033654085
-1.201808999366973,0.02932720113777204,-1.136610219005614,0.23337622878839961,2.3504875120577866,-0.09820562347053918
0.05982497478265357,-1.4014294817080446,0.6140520981930517,0.8174696015096863,0.6129949251220191,0.09775780807514584
1.364526191272492,-2.1426237425790395,-0.3637480522615552,-0.4998329875068119,0.9903976521490833,-0.6684734833229579
0.032773492385766406,1.2424911638588045,0.8350538587794912,1.065148636108686,-1.7077233485178842,1.804776302556535
1.7761816241392259,0.007969450671401892,0.5833674799312695,0.30364606545407347,0.2502233823598178,-0.101492285705155
-0.37201505435635296,0.053879995331270185,-1.4390018058270957,-1.4608030931746565,0.8179882187569674,0.3922485861652728
2.8457723886816346,0.27117806693596647,0.49497557913431084,0.2847801852985151,-1.7688021076068157,1.1831043347915076
-0.6614978937989042,-1.7970295389659958,-1.0167783202941527,-2.5922684425454228,1.7145312978616054,-2.9457282720810904
0.5085749600412908,0.3055925741518588,1.269153454723463,0.06351435954624206,-0.7953829854192687,1.0638367778975069
-0.33561266438198156,0.4603369249638055,0.315146352155205,0.27283721975373176,0.06845970822459328,-0.3556661401302692
0.7356018687463847,-1.368910670203877,-1.3647758514793875,0.0034057574775027324,0.11441626888638178,-1.0471201950758853
-1.9286546204826958,0.7362405849897684,-2.2379432060301796,-0.3370691674058282,-1.8590613630170831,0.6970567669574923
-0.3865145751887031,0.07451052488379449,1.6190389652227846,1.3563141166232344,-1.235789254763968,1.1788753932597629
1.284739563677555,0.08348508893551508,0.6509280684623987,0.16432057023968663,0.08615783895185711,1.226141329275462
0.5084731770035339,-0.25439985522491604,0.9567056923130522,-2.8153011022828616,2.0989743514832737,-2.003689313272087
-0.07385247520906793,-1.4007953251220968,-0.25401584923689613,0.29980282301201433,-0.03141039397296889,0.08942882274755616
-0.25093164394839196,-0.5360550981692522,0.0019159293742066336,-1.2316746498189108,0.021179009553874258,-0.682876382429018
1.5059096840910637,-0.5686506997437378,1.120392549768488,1.1488409474368704,-0.4082925164906407,0.8096996972192096
-0.7201334545198539,0.6526112726245596,-0.15730484284179536,0.1868344281752545,2.1197854188598537,-0.6565427381102775
-0.7353863323175955,0.25280434847956823,-0.4490548837103016,-1.1226871906530174,0.5758011610505045,-0.7694341138715799
-1.54211423702565,1.5569286060819965,-1.1532455793378655,-0.5324725260929174,-0.17800785184356863,0.718367151781241
0.24179636099029403,-0.600627635988251,1.5803591781284658,1.131463145066988,-0.2137135298607543,0.7599965838623767
1.200443434336658,0.6359418602379007,0.06908607762792955,-0.22628135089433066,0.19272635947302247,-0.14978708138126318
-1.0105861194942576,0.35444432574406276,0.38318936168505674,0.7043647459963475,-1.923581044675938,1.532193396700082
0.4790560778853736,0.0074721697837765826,-0.660977079178627,-0.8318114689287878,0.0038438681105392313,-0.39455985589888226
0.4888548817210868,0.4468033592081739,0.6227172609182481,0.5914968114403695,-0.9884038971444234,0.6352663273764838
-0.6896423338748534,-0.6579228838393649,0.13158567152920142,-0.5691808849584002,0.804374189259405,-1.4944346310981713
-0.022372890223045398,0.49673777419510023,0.3456816878722869,1.1093394637418847,-0.36528280010274583,1.5506122156229931
0.05999333927049318,-0.3561364687303728,0.016940358460041056,0.27569610088286306,0.5250906184175472,-0.5332807800316212
-1.6056030625707092,0.11166102354757194,-0.6764950888101863,-0.5736356791509954,-0.15425946306197005,-0.29964410893666504
1.5163115933972144,0.3324617445459199,0.11006897027677018,-0.6749853385091302,0.44344008846379923,-1.3555623837198019
-0.9934729336125524,-0.4768285718780908,0.6661484912783007,2.797542003745203,-1.7038816671217973,2.0448078735506217
-0.9099883306004622,1.8836978691332562,0.6989625323994303,0.45966803281726554,-0.0014006557104901717,-0.1635845816703717
0.31815466149653926,-0.8960753090796709,0.9079711228760605,1.53189940833783,-0.3064625676457041,0.966855101750816
-0.05123958086612199,1.1329096069471485,1.1781845631310515,2.4612708845671367,-1.7813259130866521,2.4788018905701823
0.5482639820939186,1.9685352911201097,0.8242299773267324,0.661180879812539,-1.861691916574437,0.3841088197432366
0.18970085828906894,0.7174403199509409,0.8636927748005978,0.5443653427230493,-0.3727043726599835,0.3261155362284152
-1.2317033874729082,-0.008424533153933158,-0.523861258639034,-0.6874998337341317,0.6488621319685983,0.13734108100050035
-0.1242454648224493,0.6438925669245755,-0.15533120037882406,-0.16162172492343038,-0.5530615468183367,-0.7659897648434835
2.199843681321767,0.26791858564419413,1.362881894187346,0.8631409920529101,-0.5165634387902496,0.3830803918818128
-0.39960194620100753,2.424909514634655,2.466846913909806,1.0857683964705012,-0.989149318093539,0.6561194584649988
-0.7651933975610624,0.4017970915379799,-1.5370951216231674,-1.5951324885371843,1.4885794895672224,-0.8203994969830533
1.0038386328078228,-0.8790975337353052,0.36100477991900803,0.7625685597780963,-0.37480877212636265,0.5360979455655979
-1.3127196533542018,0.1268763580589988,-0.6418078901783475,0.2562425975201957,-0.081063127805214,0.7823379890587202
-0.196815772185829,-1.1793291695868002,-0.5847228199505778,-0.46389698838185783,-1.398921330903588,0.86588990467986
3.235873193247002,0.09608175443438091,1.9552547426250435,3.4342344585031044,-3.1490311875205492,3.0581702953844108
0.8572077842791207,-0.9122512459314629,-0.4025522815109025,-0.181826021643536,0.09738204203231908,-0.3432945295389338
-0.9953787816535895,0.04299339480388546,-1.6345122542216994,-1.436231684930987,0.9889945505930371,-0.6967719160796655
-1.2968853889754375,0.6610869016001338,-0.9111194045450441,-0.3774965356538075,0.11256660168089523,-0.6462243879380278
-0.07725386502299776,-1.8899482649007715,-0.969329539812068,-0.476196826428504,-0.11652306518723736,-0.1593996112842981
0.2758382128535853,-0.17584683375156615,0.2937320477778916,0.566012912114604,-1.1012831424919078,1.4034511647184145
0.6396391841569812,-1.325642567467724,-0.24540482199539673,1.5394400757301547,-1.6536144089892755,2.161046073496597
-0.7059432538364864,-0.24072381593604683,0.03940240389493235,-0.2383928937643526,0.24264989834019454,0.022150746146944827
-0.16573976490947856,-0.12971586478693925,-0.4048685481283446,-0.8206658734584191,0.5848526796233453,-3.032028106726742
-0.12347016959131986,-2.3093575555417134,-1.805775697617124,-1.229936985168893,0.6845702161684073,-0.8201238012974886
-0.40441325813185114,-0.241515104834909,-0.15972531200079276,-0.33831570811237777,0.45893516753805735,0.533524087020108
0.2658072047955282,0.35118302046561073,0.6298549723955701,0.5304188746838727,0.047563818415247955,0.7542363819156469
0.005406658583434937,0.012352840043213959,0.04371811186681428,0.5032918232086895,0.34081172991732184,-0.9076216137112029
-0.18340423352181645,-0.8827838860047316,-1.5531810563608848,-1.4241045189680877,1.0122019854680255,-1.4644827914197014
0.503036539476855,-0.07634722235568131,0.20899737784361314,0.22564854286991345,0.17016850458906918,-0.14953862080172017
-0.4190364822967704,-2.124969399896814,-0.8677104276367916,-0.03991570657120854,0.7594571242554599,-0.28459837067900995
0.11028667952196713,-0.7725859361111441,-0.40823460088210395,0.15234361489813747,-0.09063064801051754,0.5312569969248755
0.5366151863410076,-0.04088402629975069,0.8810213151655423,-0.22750419348414347,0.5407167667465067,-0.02487997977014995
-0.3274444013584609,-0.705765178065236,-0.8194539983688075,-0.8112190138726522,0.313483850851636,-0.315557344296927
-2.0068545934961155,0.13192358816501346,-0.6778923062090452,-0.6119133399102109,-0.030443724103206164,-0.23487375452001724
-4.131093948785677,-0.8880532207987726,-2.5370601283603884,-1.7312696031286448,1.843313052001575,-0.7707692708858316
0.5616918935432156,0.593490820646836,-0.1797451229459232,-0.20231831385579485,0.5036417820431358,-0.24101318822276618
0.6485376250610689,0.8086951887867307,0.41694939169407624,0.10883685883792889,-0.07568771499761703,-0.07585463682712774
0.34265478899984503,0.7826188256366997,-0.08331862555837428,-0.17815251364830406,0.4573867713299278,-0.20786823148025652
-2.2093388408841954,0.5517977679597333,-0.7531223426480765,-0.4153242625974001,0.7833204118298779,-0.8537198266715058
-0.5261871776849767,0.21663823739038504,0.4925034067568666,-0.6593809430969185,0.5079721763344934,-0.4741088872539217
1.5699781875656231,0.9490765031844357,1.6300227874224593,1.1036207364210133,-0.2954257482131894,1.5368378181360403
0.03630716431123322,-0.9058430712971799,-0.1825435444853801,0.7161764484106714,-1.8010634732953024,0.3839857318946681
-0.15930847677475493,-1.5431616304114242,-1.9593532703880907,-1.3106409308447093,1.8874903930954468,-2.2400448139635003
1.9778447552220855,-0.20616519607987221,1.0797181349442355,1.0785055243501724,-0.019084241858142035,0.28917511212694463
1.9163143207964202,2.016345451303974,2.335658516207401,2.0692184027386724,-1.1276653974907718,1.42394585546178
-0.5433773031965566,0.01640963194885297,-0.4440636986288882,0.46355121645692193,0.39915043636811826,-0.2290208481813273
0.3630375660726596,0.14656119278246152,0.2670464898048647,-0.7499358182824627,0.47977278184463373,-2.169652066444694
0.661465780460227,-0.3764635064257471,0.1547202752334996,-0.8798704559147243,0.5967242503440371,-1.1565170710887795
0.8125084799475367,0.1436049310277371,0.5169122847006513,-0.19707620668223252,-1.917514066044272,0.6216052681342404
1.195231459263776,0.5668028666379226,0.042240213792628406,-0.22906051856693657,-1.731580150219382,0.2901921069382186
0.4455811504016682,0.1592713539403375,0.36400760981542135,-0.8169963298028746,0.420176268740024,0.1261251526761298
-1.4688080789004396,-1.604373877446852,-1.7289967030796498,-1.122979879032316,0.6052166364844945,-0.7039014877281345
-0.4014665402450231,-0.16350785707687515,-0.17318271465046994,0.22982640394071124,0.9969466942845088,1.4442902950833196
-0.7027483270425109,-0.09302006617420094,-1.3232430466080285,-0.5913795122095193,1.135708332134714,-0.7634838471976867
0.1746567097739056,-0.9068099039209334,-0.5233067439775957,-0.4365123738499241,-0.04367648664853529,-0.5236050217304462
0.01635999811984517,-1.6861769794499102,-1.4923704017815276,-1.1646808548897902,0.7301663796053525,-0.6048096699321133
1.9941365229324843,0.4141679290627904,1.6071906733865007,0.8464003727459679,-0.775949712567924,0.8425719444516531
-0.577595278771749,-2.364878736184723,-0.2611789282790106,0.9925492670656371,-0.5045550312970095,0.8736938819941192
-1.0324537791184112,-0.3104720916771644,-0.31809621239052843,0.21674849586427267,0.08569717860252837,0.1118274452734091
-2.0460901652334536,0.23204279019075613,-0.9921770000938662,-0.233481142135641,-0.7240717438500089,0.481242492164004
-0.7043872792406779,0.6433306982884553,-0.0791826141907188,-0.06153018665320671,-0.27949321882837524,-0.28875811737518053
1.0500958929890505,-0.3561681060249522,0.536491539691948,-0.5667977172799677,-0.04930753178425195,0.40807859849589895
0.133354615039897,-1.2179480998432624,-0.8769762008812826,-1.412286407864516,0.9382910336695953,-1.054898366405785
-0.5507041468489967,1.3042102425497681,-1.23164036230827,-1.7705372851740993,1.0070306723797073,-0.8737177655727744
0.06531432325484549,0.34390572351464904,0.8687271736198781,1.7151759788663108,-1.1531173151114489,1.5804473194925923
0.19805066749581993,0.5629439423470002,0.38784482994467884,-0.539338526734383,0.0974962291233772,-0.05336285219400393
-0.34228778267524645,0.3506203528449006,0.33244969549150793,0.25419914812564437,-0.6226172002853196,1.22804059289113
-2.3718071326338173,0.4100800678871484,-0.9973835962266521,-0.4816110292209226,0.10631456656377652,0.004764503780004455
0.3157870170154939,-1.240310576519212,-0.6773052098753488,-0.005533319291346991,-1.2448143925262072,0.5801032270473443
0.07337789722808233,-0.8513113366317937,-1.673291170369082,-1.1995996416366692,0.8121767484742308,-0.7999884333880488
-1.3425647860488141,1.070127351392202,-0.01788477767503869,0.14209932302837233,-0.5003147737651249,0.12943441045695275
-0.04945542636363629,-0.28538950910559674,-0.06870795111251965,-0.18390664577871585,0.28891639036894873,0.020756998077242166
-0.9330518549516182,0.23915476885218598,-2.3745101279663605,-1.1904515686278305,1.219775803337791,-0.3728230112681986
-0.18714493163100582,0.4302255304420442,-0.4926546115245475,-1.168429319007529,0.0735903994944925,-1.6821388388898049
0.39552668817781506,0.08801630476648398,1.356419279196092,0.4265244062401222,-0.4671029548351975,0.42519894384015167
0.11324815888355969,-1.3495840460867237,-0.21663234333583015,-0.3976590518965771,0.5033803787485374,-0.3982764303563841
-0.3458915046156442,0.1735737523644758,-0.4561862215297599,-0.22205241166139816,-0.2265637446823128,0.26653709832503164
0.4858107086935349,0.02091996212676665,0.158243047003433,-0.12532865105292282,1.0131104547354044,-0.5987248507437403
-0.5358743931924904,-0.29194902845924864,-0.1468227357587107,-1.0011025570557168,0.3664059919699989,-0.9124311420821584
0.20391553092431075,-0.010122510211363058,0.7265993244179917,1.1435319760120053,-0.5654260305944631,1.2478439159903523
-0.4323099664385938,0.16873864281961243,-0.8050174475889487,-1.3907175091377468,0.9591751097052091,-0.6513458586898633
0.16505532271253054,-1.6679673666870594,-0.4296042956671952,-0.6784021653029282,1.3283317858314299,-1.0992019827882857
0.06307559965110625,-0.1149393285407488,0.1107368821379925,0.9741665502180836,-0.19701898597402015,1.6997954074572086
0.10974940134001228,-0.5402338762398015,0.13477021623616392,0.39813929102664747,0.1018275259500807,-0.27164182038891066
0.7838552718936507,0.06545372766965774,-0.35518694744399265,-0.13842912043612016,-1.1021292613590905,0.5361891932039304
0.6461704448811574,-0.6372778530078077,-0.057758668653390605,0.20244508941542144,-0.5348907331026683,-0.24225433180255332
2.2303716935765796,-0.03691255985235984,1.334493311931626,0.6880378273286418,0.988543742991392,-0.7488184976029596
-0.6156599616312168,0.011786340495807285,-0.5510153446665407,-0.16669883644209965,-0.5339500020400885,-0.3773659429984572
2.402228480692874,-0.703405140968377,0.995941843839521,0.5217002202868696,0.07486828710307615,-0.4298036900815993
0.24020556095386264,-0.42064699007840545,-0.10061763257175271,-0.2264819347428431,2.3295986890562626,-1.1307787047843438
-0.9145008578789269,0.1674575344617894,-0.28271565336650023,-0.08288570913828763,-0.4840337252366387,-0.05049448238817245
-3.824452131435621,0.24618596880435117,-1.1736096739192603,-0.8943744734836474,2.2965441366113697,-1.4934719345334397
-0.5764281577965823,1.3158327325422974,0.7179110524381864,1.338304293875597,-0.36232409092804985,0.6559682306892598
-0.12266916735361405,0.2615369876197667,-0.7110376049813428,-0.8185618887207048,-1.9596294987284262,0.929683989858018
0.17702883501125571,0.15358598890546873,0.41736233122281713,-0.10418002353568726,-0.8831264278400066,0.7425317883863991
1.0092807321978092,2.27882021818244,0.3660680637898663,0.5472135276162052,-1.2960993617601781,0.4903427284584847
0.7508125542977965,2.1501182112294024,1.1914837306042685,-0.4128080308925148,-0.13717662511178527,-1.2794389869475404
1.2515188145684728,0.09116678185422171,1.0328582305344758,0.23060194469019252,-1.5542165112100785,1.0865239550815404
0.9182244924812017,0.038819532466889135,0.9344362012242527,0.9963202092707844,-1.1930550667045665,0.4451780125144888
0.9084702251747627,1.5311499493190506,3.095057811802236,0.8730035076688413,-0.007288622372333587,1.5952313307016912
2.3639891870254726,-0.15847998165425842,0.8522947786201596,-0.1689494171606429,0.8199285506538714,0.14222288934588243
0.43892152913239324,0.7588087579998988,0.6412824734630734,0.7025856673869054,-0.25864372259549184,0.2668383757903764
-0.8914497269377883,-0.599008176498988,-0.4825985580471289,-0.4958038657102932,0.27890448474598667,-0.39735530656459644
0.06308912222261978,-0.6377371084310572,0.23174152971388134,-1.1040227302862773,0.9455196297968964,-0.8792567355803438
-0.1295126556978825,-0.30362481774722094,0.5620271731521826,-0.22389923656657085,0.460286686652156,0.24428631246275653
0.2676944985022897,0.06889315216393276,-0.010672922270187022,0.26719956253861005,-0.14581043843579933,-0.8671372367637074
-0.44309571925683344,-0.13831700374133538,-0.8060586347537094,-0.7628609251198377,-0.5035329196892041,-0.2725614481997479
1.2870764647262682,-0.5169509844554144,0.0921580069593238,0.20515021857738763,-2.3045626279879317,0.3406404561331415
-0.4551577398880791,-1.0845649349851842,-0.29293264978067746,0.5576632765107858,-0.8645006517431285,0.8926400839092895
-0.11432597903768565,-1.2547743795231752,-1.6016207632180843,0.9069464071769943,-0.9222017711893752,-0.06564406904353144
-0.8122752184224371,1.1640272345103844,-0.19027809437756613,0.128947924772323,0.9301096426980864,-0.028996501541767625
1.2391282629384557,0.6552822919068493,1.5400182381165246,0.9259298656050124,-0.3563350433871008,0.9284597074519911
1.0742474278567442,0.641069207217054,2.143905769201209,1.7058736696446386,-0.9533031525975507,0.9310894512621357
1.5826831460312412,0.2732236421345557,0.9106847877312155,1.5567595539556527,-0.9668434762087545,1.514526248220379
-0.641011943941963,0.15874189801561686,0.20564275278304708,0.6916286873328727,-0.02818273608840214,0.177452293897503
-0.339137360393965,0.009453866439225305,-0.24266682584227992,-0.2095253206284253,0.18576204106319066,-0.2773275034196288
1.1895482129072812,0.38269953695929976,0.5113317913052128,1.2715811573056923,1.7496021932885513,-0.12706784415095151
0.9625219197522205,-0.03809880741942081,0.5909429470990261,1.1911516598921004,0.0731619652674372,0.849913750648084
-1.1012492285720976,0.9947569169528259,-0.7842003498184091,-0.6809338679246117,0.09443767022281688,0.04637761015948013
-0.10223818755047351,-0.4348142078671521,-0.22971233007343297,-0.15164025571837372,0.2717585787019075,-0.10377256299955569
-1.6048232919029244,0.004908092550879208,-0.5495543868540844,-0.5104237159615562,0.47598077114774784,-0.391161100827119
0.7100738832439685,0.6028719524000128,1.918794739329037,0.8942144436176996,0.9360210782566443,1.3947564215973407
0.7578415004364304,0.17089299002464914,1.2628762260627595,1.7654853072468366,-0.8637542261912678,1.0226271526735407
1.4423919803291012,0.5407829244944357,0.5900278063562727,1.0872346228854672,0.3755303336211483,0.7702540097663879
0.6459529707797516,0.4991787633592274,0.5226944244474182,-0.35837589336314407,0.1994480287697045,-0.534972492322176
-0.17148675618681378,-0.1266336235023106,-1.2131414213683682,-1.3673167637816739,1.1634384244753293,-1.1125892925378273
-0.2527034925995506,-0.04731502353258508,-1.2359077680882755,-0.46088264786210975,-0.8765436452156888,-0.017943818457838188
0.21859876164162187,-1.381277143600577,1.5808189652142723,-0.09783477232276074,-0.05865964777063104,-0.41879826851900764
-0.17004927975930986,-0.11236465008228542,-0.6085752226598984,-0.7570728362835543,0.33804491610616266,-0.9808852217756843
1.7491221449377516,1.5524566548589862,1.459504408017056,1.0647293374393278,0.1779473988211295,0.6230007552731142
-0.10235786659629466,-1.262123957530918,-0.2710445547517655,-0.06371437505061053,-0.09356986926297725,0.2394161355476211
-0.11420040576240248,1.3017533972826052,0.16885593385054581,0.7264096894468779,-0.07093145010660991,-0.9398486905184605
2.080214889932575,0.9339184195855852,1.4239166971962918,0.7084753166925971,-1.0735623058825483,0.7278709861157409
-0.5148550721042845,0.6051671164512489,-0.6835827137401489,-0.7760736038838957,0.48011003185655665,-0.45897340458572955
-0.35200143370780684,-0.6946225631283875,0.01643521956410217,-0.6220014987826785,0.34315890593771603,-0.42841661721059676
-1.3836046254643677,0.843706900502995,-0.4544080736190086,-0.6279799818123604,0.0540575153052787,-0.439973878514207
1.3110545543285017,2.1430228282996224,1.1226179913342813,1.038368701234656,-0.884955634707719,0.30092362460348443
-0.0205205758960294,-0.22452795802663214,-0.3222653435717922,-0.3928126892040192,-1.631768947882005,0.004436423374753068
-0.13524856003165697,-0.7978240906949502,-0.2832074276702475,-0.10324767135091172,0.21499876915343222,-0.9803693957387595
1.03452288206131,-0.7045657001476245,0.18509281481653495,0.3119385318979774,1.2205714878273062,-0.7959675659581505
1.180224464615034,-0.3640741704906202,0.21747490031107758,0.24325843816977283,-0.42266753848166055,0.7915126619244688
-0.6740813919671854,-0.3890533133665063,-0.7343657896785677,-0.6437115146182253,0.20321928149033683,-0.9343975670833307
-1.0363199057562746,-1.2057776754480085,-1.2005568836988232,-0.885297467603589,0.07005083807607315,-0.7442163462903774
0.9650032517371333,-0.5023084601363699,0.27646443705201457,0.8065739639547703,0.41536392133761546,0.1517536723821144
1.6864709818368973,-0.14560691069152773,0.6660681571776554,0.2909633341465887,1.052406051103003,-0.39948426829011796
0.012041945940711353,0.5287492853040584,0.5232063063389453,-0.09862903059676123,-0.355542916155545,-0.29028941948618747
0.38131343369351134,2.9095499063635657,1.3753594380808405,0.5645416863860615,0.4308398423207985,-0.8436314293309675
-2.363593671016997,-2.753014936692217,-3.2268486655980295,-2.605983035898097,1.8790983300230135,-2.258715786298301
-0.0656890652009331,1.2370484675900622,-0.43753846739220675,-0.9001017180785064,0.5590230270815358,-0.6265204292813864
-1.3529445038781134,1.1167052636114347,-0.2850610729501914,1.393219952790228,-0.4725356653682919,-0.3839804047723726
-1.0006388528352383,2.1668060121472985,2.0485186001216302,0.828895319045891,-0.26395790534842034,0.3469250217603939
-1.6143751620902442,0.06597857980200068,-0.8107027506308204,-0.1968432149468229,0.4908629170060741,-0.28722757057174286
0.001174024756995879,-0.11493996247288586,-0.12227884806047734,-0.02665345810778594,-0.3510527381511356,0.15907142239482644
0.06338251650243702,-0.4873266648856865,-1.4738210317773797,1.4541677862598876,-1.4845271512824132,0.9606742093710653
-0.16010308935740847,-0.2972336509450946,-0.17180750852115606,-0.45116144103638633,0.946825450002175,-0.8612060615774312
0.34892959156832815,-0.39063860085610885,-1.4534770869091238,-0.37710442428044744,-0.3677790413379888,-0.6242897414858547
-1.3280456313127897,-0.3685788131617428,-1.1747976488554805,-1.5455955722328172,1.3311336810431968,-1.2249642327079113
-0.5962271408337368,-0.05044848019735522,-0.7439836800479956,-0.8811184356733759,0.5209978307132328,-0.6429095324054188
-0.7899483856562458,-1.2871430282306318,-1.1283453695261434,-0.8682086988509317,0.7849589323723691,-0.12337999178066154
-0.04127848369651169,-0.8309340430712678,-0.9351321855109519,-0.0772844860138451,0.07292213720630213,0.15028696153266002
0.5655202176237368,-0.030751000416486943,-0.17923619700232482,-0.015948520126762022,1.2093939466673334,0.020906406515902254
-0.7874699432590239,-1.9164414003712376,-3.4299446626934516,-2.0919444564581955,1.7969317209548883,-2.371760541087412
1.0961468816135767,0.8338260130509509,0.9581350637893591,0.6637899364705924,0.33049317168069764,0.09899383898498937
-0.30470509997435913,0.4419298106315229,-0.22719185726517815,-1.2162431342254536,-1.0202550244630897,-0.6436184248008008
-0.7079969724701171,-0.40507263450363135,0.0722375600325906,-0.6516511703956919,0.5974776213791738,-0.5603512035938948
-0.5336477644973466,0.5831926528157451,0.45494752549409323,0.05483239390369522,-0.8794786285912377,-0.12096819698417682
0.491159717449769,2.0552058781089215,1.1874041358143907,0.20628634232604037,-0.41111778889103695,0.41368218961302555
-3.0213278326502957,0.6426802379392167,-0.3604580344304818,0.858351573803271,0.43495902258116753,1.5261099723010854
-0.16284805548675402,-0.3002878148848947,-0.3862311667258391,-0.2672171668050276,0.48270896967001575,-0.578101979155382
-0.43747376614749695,0.2285679804367307,-1.1245548538488184,-0.19238336311574122,0.4913575368669871,0.6123743746352694
-0.0050206666947096665,0.4462078494329613,0.8761170373169225,2.3307381132115967,-1.6009837219385148,1.8555895503008053
-0.22089519966923823,0.8465821332880561,1.5731149758129757,2.130205948708292,-0.6150301062368783,0.5689867712299438
-1.2489132982150684,-0.08772881675732844,-1.9007112033040796,-2.154292040919648,1.5583275830496899,-1.6127799618565497
-0.8950700182760927,-0.37989336815842106,-0.6922082689643709,-1.8247900702260433,1.508887027182248,-1.2728923306692697
1.7813858099635225,-0.0850812708105603,-0.6081782821468098,-0.2021287039628834,-0.5512189225804327,-0.7516334597841322
0.04437311010095239,-1.577527629409568,-0.4525018382245909,-0.5280819146301498,-1.3038359131530526,-0.09268366385999155
1.2486386209143625,0.931220980860412,1.6238960350575102,1.123004237876625,-0.1873831565175187,1.0784854563662292
1.6436301899878298,0.34329666187008817,0.16623448199450014,0.7608273861704881,-0.5089228044102445,1.333720199318774
0.11025328288356051,0.10779929831781777,0.46339232854226464,0.47812809625394337,-0.001659926306142198,0.2977719113783168
1.1970851097769362,0.1392380547031496,0.7501268975051951,0.9671798534068959,-0.5913667170891663,0.7241577416758354
-0.17583478385038118,1.7763163351572733,0.19731295686896633,0.4379181286319636,-0.5030060435958954,1.03957996148589
-0.4221226774033997,-1.7324504683552318,-1.3068575682188397,-0.992220670434646,0.09902432726480946,-0.3898038077167229
0.6400287830357283,1.2138565647878756,0.49110117362393146,0.15495468469501766,0.5824845867003184,0.0505669501938655
-0.35074452881635704,-0.28661994771225296,-0.7047438668754769,-0.3425987767877272,-0.18958333520694565,1.5251712679802008
-0.5039117294118545,0.06543150153465778,-0.12955251285275732,0.7380799346152327,-3.2278860253214674,1.1281867016567027
-0.08520157947292524,-0.019210337368797882,-1.1027951195925059,-0.21382054626433583,0.02645672845682182,-0.1698730677366279
-0.20110580787904597,-0.2347753508185581,0.6976884786411137,1.0440160036393924,-0.6274558647349517,0.5630754349994518
