interest,difficulty,retention_value
0.33257663536074095,-0.31850842666893775,0.5089090115961333
0.26172339633640535,0.08918640360246655,-0.7371916668473542
0.5488156187783142,1.1227422816839827,-1.5155775859661813
-1.5457009639681705,0.45078980695102344,-0.9757469793919742
0.6592076854814618,-1.2775832162709377,0.7511774382992604
-0.27884410328395093,0.13986495467180168,-0.5119444467046537
1.7238656034440658,0.529832556851713,-0.6950584846487585
-1.2277137214994867,0.1350720187954347,-1.3544316547805157
-1.3503005396795187,0.6341449991358133,-2.4216779765925067
-0.0434106876820728,0.3586688676401156,0.9236295352162988
0.10401956544189467,-0.8077577357961317,0.7265279050659076
-0.12776859090801473,-1.7676636481510946,-1.2320508123082485
0.25249218016048947,0.23131454976639507,-0.3642001244447399
-0.6786569069079829,0.3651584943718042,-0.5185434098947926
0.3646790652527475,-0.7743550213028998,0.24688070440558038
0.1620454754073138,-0.3999196714966928,1.0005572437736998
-0.9785376355920935,0.5970361612573266,0.855040665892816
-1.8219966828649639,1.3996153364612345,-0.21357641083775425
-1.2518512436036973,-0.3336203170755138,-0.7432419416413869
-0.5732915645319578,-0.7332313086068982,0.9014614415964708
-0.03227770207148317,0.16659614181900798,-1.318048775422269
-1.1774857830343777,-0.6988159413343494,0.03165282147531742
-0.23969312507780993,1.5344772437133096,-0.09466433540069963
-1.9121109363470838,1.860053825459052,-1.2872531174650386
-0.2938546060147228,-1.909670413786099,-0.5634564615935725
0.7480389573172025,1.0438143394905253,1.991248818757474
-0.25371803259543213,-1.0316189454241522,-2.2602732518262165
-0.6733858514428128,1.090424309632013,0.18680127617451628
-0.4874146245407819,0.11507751959467774,0.008152733994611687
1.098502117280225,-1.6329007651899494,0.9233777479325637
-1.0341984463998732,-0.057657573016954726,-1.816860397243248
0.8174935156449422,-0.9100469759418965,1.563443795017666
-0.3435520120079114,0.8998411613275598,-0.7774124303777429
0.9380967582705092,-0.2591022695808539,-0.2436335754257866
-0.021203119395475877,-0.7990557549750591,0.8573691677858936
0.2139161600877813,-0.28048932587239783,-0.04783223372178215
1.5559995707358847,-1.48659579301152,0.204500059815655
2.618370084973409,-0.27179115826476613,0.5996467447550231
-0.27690173649562594,-1.0247756047539005,-1.0942063027589097
-0.4468311154215561,0.4339637875001942,0.7908271441827381
-1.4659677161817757,1.0195943792633428,-0.93053727371528
-0.9200247797477605,-1.6939945986383214,-1.0657142443275742
0.47785322189864776,-0.8116699302295666,0.8319639005227261
-0.9406945369882008,1.0681430756090415,-0.4386201615478078
-1.3202586254877466,0.7524306282364734,-0.2670975820913974
-0.8192376159198751,-0.04899101723075015,-1.1770761561136676
1.2909651748192508,-1.8270390542460013,1.4124835351252283
0.38143032169722113,-0.24164429521854347,-0.18284751482735082
1.7086008592587958,1.0554773754287,1.9950866620936707
-0.9383813579677858,0.3614755683325927,0.0027058685746155285
-0.8041557119650732,1.7674618275974463,1.1477495344563267
-2.2372524768672735,1.5684774786228535,-0.584849222005961
1.0722216194305372,1.6330980575061467,0.07828352033720114
-0.5716097124480527,0.7977972413710827,-0.5370890671135529
0.5245450391382257,2.651742462934502,0.6154384843204972
1.0220236888065162,-0.5492949992398498,0.005910212822382108
-0.5446861049709217,-0.10101080063808945,0.7517113532751077
1.23969120870516,-0.6909780163278997,-0.42579234402228444
-0.9648862082283206,-0.2225952996753369,-0.6018780201280103
0.9359438275388282,-0.15457621708856387,1.7664930724570516
-0.011732526566533768,-0.7316858632949342,0.017733641119022425
0.8734357893243703,-1.367467103227043,1.5717838279552239
0.7922534205948152,0.5698932443184799,0.09380177481885557
-0.9359114768403521,0.20862792490508245,-0.9975371973110694
-1.0162475273613387,0.2565831568929223,-1.9435476126632607
-0.5524020465811812,0.7518928337070214,-0.5375417470545406
-0.6521180048373572,0.3550650720219629,-1.0689277620672393
-0.49256688184696185,-0.36630664940079577,-0.04750068855316531
2.1592087275538088,-0.7575621073072564,0.44480576463761035
0.6398772646105215,1.551192573383799,0.02742123784215027
-0.9453639915979527,-0.425666534173507,-0.5607796803664732
1.709501346365819,0.406164150468102,0.733495587957657
-2.0274128590939364,2.935169225833839,-0.6917023211418322
1.3708731840070394,0.4056755415503706,1.45321773285862
2.6081819459856956,-0.4383538197397556,2.586766780687614
-0.36129291722529755,0.8357472656630338,-0.0318986494280585
1.2455199986366499,1.1633475852589201,0.7211084982804877
-1.9000758440210825,0.8959007006764893,-0.9900539187255565
-1.0410585201958547,0.09411499968145118,-0.5800043859178119
-0.25332137357335943,-0.2506316457599585,0.4326375458782384
-1.0655111331586156,0.23082520892297528,-1.0887844722380007
0.41615374127896876,-0.9355876149558773,0.06597006481240104
-0.39032296647000053,0.4679247266510994,-0.32582451203792956
1.6677090259688394,-0.13131376233458927,-0.06996892353979325
1.0655768440780726,-1.5789486519797278,1.0858588398635018
-0.4525791832343541,1.4708214608576922,-0.5055139536018487
-0.23055461810511169,0.23647513341606502,-0.4115870689623249
-0.8768148380674495,1.2342136580403162,0.47163394424687066
0.9475826807472707,-0.4220888816984653,0.3952072005170099
-0.552472633790445,0.8768279346284259,0.07472088177770364
1.2439591864276367,-1.7006756685861222,0.5054136641427274
0.24368774244292576,0.32904169861671845,0.48983040813438605
-0.8279737459016466,0.935015560689823,-0.49934965887758026
-1.9765757403637543,1.2725399663051737,-0.807645640558507
-0.08201215759004557,0.7486023345562501,-0.1644973860754697
1.249706274322876,0.01068672032241383,0.09473475753556168
1.2631698259530466,-0.24511582007242066,0.07200418988973332
-0.24842487909296648,-1.0192182698779104,-0.3963402089969713
-0.6798537888174594,0.06386002709262727,-0.18796867292064376
0.14930709089707872,-0.010575215615305491,-0.26078072519257395
0.5997903726511324,-1.5717061418167775,-0.003020515112511826
0.11284028194474745,-1.7863867439110825,1.0420796556683118
1.3520296773251634,-0.7890565276824751,0.671190942558312
0.08956380792013431,1.068863530520356,1.1283540971129884
-2.5779298949795146,1.5254735837007067,-0.5119390307047579
0.9936118928338075,-0.36576992638483236,1.5166574957884797
-0.018442899801668987,-0.35263634977044866,0.1774138878582593
-1.931189785343345,1.1379401649114047,-2.2419292447394734
-0.7189644080050424,0.46112180885285775,1.1437275373640463
-0.39551797765667834,0.2180966557479338,-0.5428795697534496
0.581331805138348,-0.44981759828279044,-1.7264122754955658
-0.051771688263603205,0.49461879702449557,-0.9563212087797915
-0.6734969783160741,-0.6739109279487518,-1.580861855152698
1.1152181987819303,-0.9071566872080689,-0.15859978432735744
-0.07245441778040801,0.8446441828424553,0.14629285834285535
0.9527455878551141,-0.8486629687414946,2.6248945366282066
-0.48718085688300133,0.18997968732681525,-0.9527268550293285
-0.9278295851759643,-0.9689635110359439,-1.506052745930174
0.401220633314921,1.410999117787783,0.07500098973804477
0.9591241086490052,1.4932662208028535,1.0125726817591036
-1.709401252625922,1.2849690852559812,-0.5060697597439653
-0.5225941060483008,-0.8079984924040167,-0.6458589141028963
0.22116591169001634,1.2470518481357153,-0.11263193526464495
-0.7437024335843965,0.053638964547639216,0.22738278396990846
0.7824797201451487,-0.45890840604554783,1.0101076844251389
-0.11507035495624307,-0.7264840338866952,1.214256873490701
1.9393273361582624,0.22386662045131914,1.5179345564498061
1.1013696082913227,-1.1042484713781324,1.4135235235931278
0.05617857682066511,-0.4818094567889506,1.6028626028578212
0.12357146097280393,-0.30813758105355793,-0.09554272058371917
-0.4914281609003473,0.545817728425662,-0.48354359021004134
-1.5732047890495366,0.5604519237806957,-2.5381436005810074
0.20394552780203049,-0.7785828802629041,0.23601355305572602
0.11117792914244279,0.2584129777650958,-0.7892457020972308
-1.0869368673760214,0.7600664733614794,-0.6165320759358213
0.7810034360234278,0.29460162038537974,-0.4855564913126892
0.8110047349142382,-2.2147177158669202,1.3773091550600496
-0.6502219086794192,0.27660780485402603,1.2262704606349069
1.2363367197440573,-0.6997354387610232,1.9189501830835332
-0.30190146817479935,1.83185096915669,1.0283527691655097
-0.20706679782697834,-0.4493841287751477,0.13369982730935703
0.5341637710154041,0.6849368609376906,-0.5554698599660007
-0.31284840192402597,-0.6279861278050066,-1.2658480649224926
1.503041185292056,1.2191397591255542,0.697660577384434
1.6489577142555134,-2.0051482562244654,0.8417124063784729
-0.3711218267406394,-0.09212075002825984,0.13370958236817115
-0.7868964885177183,0.22602929427832086,-1.5883704616206564
-0.3933185491917114,-0.16855425414526673,-0.7656033121218905
-1.0965599845212517,0.11908635897820666,-1.1994160681067156
1.4870773356459794,0.894141898506243,0.6431442607145857
0.5242029282802314,-0.3841138128515696,-0.7743696635208044
-1.0863342545479402,-0.2662361132782323,-0.45569852810772304
2.2521090128525447,-1.954313246121567,0.41315694929814323
-0.4985308108159695,-0.03842305031677119,-0.18967610401819923
0.9032435119866725,-1.4303976487669148,1.6691064353906027
-0.08418773161525209,0.8248939919593737,0.5503728072022717
-0.9543316383386209,0.10646871662342682,0.043783312645057804
-1.659860859159306,1.393836583812212,0.15879684989886872
0.5002174579952049,-1.1085498669664404,-0.19976305687283408
-1.1144931323209268,0.09245791039865901,-0.8850434017806348
0.32676444788225956,-0.4064949064321027,0.5756785026300941
0.8229084586282426,-1.384461482732717,1.2857974803742669
2.0467792250781316,-1.4080912529349814,2.0938074441269596
-0.21820662654435324,-0.3217106959666958,-0.3711240632545866
0.017225627947939245,-0.7274213850648779,-0.13769331146087735
-1.554322349856354,0.8348385179472629,-1.585954904505279
0.2830574544988107,0.12523608182764653,-0.9138334985556111
1.1299609821240428,-1.9564666637435422,0.06376224103157684
-1.785211003914063,-0.07348637772857028,-1.0127279542682621
0.7903840891866549,-1.7465740958819362,-0.10993883593181988
0.8691956402494047,-0.9996714857871722,0.4393445225432098
0.9285317970652662,-0.2876003136590518,1.6844968307324555
1.055572208146284,-0.8574797187779224,0.39565027295999744
-1.2765377503032844,-0.8644173817245306,0.3489389688023733
-0.4700511350934181,-0.11738447952601729,0.40829199163854224
-0.941331675957632,1.1179403115271225,-1.306928741987185
-0.5213407016728249,1.1688769227387577,-0.41700379500822643
-0.11227066145667003,-0.9969468694793207,-0.12000958613391846
-0.41357854743139183,-0.16576502628806694,-0.6721172752043992
1.6004139689243968,-1.5461972842030713,1.3749069466716128
-0.8388114237955313,1.065313548400024,-1.3435764754420714
-0.3697031158708847,2.0652878579044893,-1.3501050563583619
0.09956971846379674,-0.2252343395618421,0.07839789487785269
-0.9418685027336338,0.737179053998912,-1.274905574637242
-0.5391964526198043,-0.5875115431835672,-1.254272273910625
0.7908494770458885,-0.3453945692116534,-0.9334473283627395
0.6886401000689584,-1.3630234125826397,1.3991104499463858
-0.33592619106502175,0.37316160561086487,0.40771874279484416
-1.0972403294286524,0.9234152014003614,-0.9058825907441037
0.07059191088572687,-1.4527120367413662,-0.3162513609438182
1.5566547856165462,-0.6314665418333902,0.354110936650831
-0.4684639227026295,-0.6171165750702838,-0.26930950469689147
1.3527857323931034,0.26703721363298116,-0.2396202225067438
-0.47700846824205606,-0.48004223366520404,-0.40608343664997887
-0.15990603484956578,1.140545742937132,0.5256329146439851
0.7193334909067505,-0.082119472108101,1.046267995236948
0.12680722631893743,-1.0642130085330228,-0.41458625234698093
-0.2378765955426259,-0.6968614312007708,-1.37272452481126
-0.1336992063812428,-0.2710198787338158,0.9593799074952826
-0.23993525576801453,0.864121989336246,1.5684220567423268
0.9240527265243904,-0.26737990562679803,0.8635033423140047
-1.2673730362273943,2.1181959381226156,0.10994411111973323
-0.4454387810892076,-0.04769574019312591,0.25610950325597664
-1.374868958771683,0.6072753707751513,-0.5984958296703171
2.1961070975198895,0.9433951906552882,0.1973495043384578
-3.0004978462544143,0.2708740157037496,-0.144932935538548
-2.046644524587987,0.5170775282903701,-1.5447581212996635
-0.08559624539260569,-0.39322973614869977,1.5714919264824547
-0.14936844624003393,-0.1376567495370414,-0.10455086892128394
1.6208146717548515,-0.013842454897985156,-0.22879867372593019
-0.5577456013760951,1.2098712484080678,0.37470432382005076
-1.1476826484081706,0.492486310331428,-0.7449868190132717
1.1750799569434618,0.0847871474560864,1.3601086590276639
-0.38695676357082015,-1.0137206144483346,-0.13798605067383085
-0.5514489969491021,-1.1984999907354967,-1.30139586069344
0.647597998567962,-0.8056133123428824,0.5689229736729071
2.0029783898698375,-2.7179357069251653,1.410648482583158
-0.2702073699054917,-0.3712421343102119,0.5688373262435773
-0.30783729468033366,-0.5463141832389685,-0.6289160467656109
-0.03286289820243971,1.3783283509522632,-0.29450891030361276
0.6930129444627079,-1.2534152795966023,-0.6653140160909616
0.1590968482799151,0.9587108059315785,-0.1473564910941211
0.9787223137215102,0.771825762137229,1.533162164197563
-0.3931227716082781,1.2810272674276908,-1.0019608826077644
0.3458849849842314,-1.125351397734836,-0.4007930502152239
-1.6632594210423204,1.7319692721753024,-1.5355703492924242
0.4583850815425196,-1.9650458867371745,-0.33369656722782304
-0.7727458712817901,0.18895632861871728,-1.0173615347212026
-0.7709363462458783,2.159063015996218,1.4167627574674933
0.5497164195560686,0.10808882903517834,0.6961691475455101
-2.490587574179107,2.864151061242904,-1.6806948967870572
0.935636368657179,-0.5882633910337921,-0.49684428881525344
-0.12129965884283607,0.7714522670200818,-0.3141871471339062
-0.9743289190149778,-0.7651314092700011,-1.3256050493032194
-0.4347467754005356,-1.2029678739495853,0.4446093637844882
0.14399837116135394,-0.2910111077343625,-0.3131562263569684
0.4034460216430821,0.07156210646788363,-0.2757416504506851
0.6188778641361768,0.4956501226203469,0.06915855981224646
0.321309837318203,0.19044912251028984,1.1366838574209044
1.6162630833026153,0.5143655860559637,2.1095729661888813
1.3109335876370678,-1.8232869932835445,-0.33933168830471827
0.5590178664092165,-0.5381830609703594,0.6327989354857616
0.23348408993473813,-1.03191056230817,1.018341995637328
0.6906270178186076,1.97504967283028,1.3688886311234476
-0.02094805262632207,-0.15896287354937072,-0.041708379419025
-0.019169803943472397,1.415328293386836,0.5663215444563816
-1.4012096645496377,1.0967850002666932,-1.0149646001475758
1.1912147929896795,-0.6412402060918025,0.9388580074991507
1.2458648389752875,0.5783186321924508,-0.4874413244940855
0.8175317706192905,-0.13729605141591938,-1.660129039031593
-0.4613083784270506,-0.8770229801173861,-0.573331600524077
0.8075750925750216,0.4702884223722864,-0.21172331115177453
-0.7429759956652002,2.1222335532765695,-1.1539400675561773
-0.5220252516883226,-0.446991472051914,-2.873793584197502
-0.6869891693506447,0.7016829078965235,-0.9362265094780285
1.3252888972136099,-2.1835945412415128,1.5382863161566138
-0.9319107236984095,0.7760840956782972,-0.11449967879779707
-1.6211899344524563,0.48905017920258426,-2.1479284720903378
-0.30371176620854984,0.48710971681717574,0.1664259784423257
0.3964448671169395,1.8147414747014732,-0.5749102341061542
-0.7118623575008268,-0.33946205012477904,-1.0851186950649558
-0.3175943030050818,0.4788986048717434,1.0549898209527184
-0.9910235292669805,1.3746096380693151,-0.8429842442818928
-0.464005742744602,-0.15203807237853315,1.226979059556416
-1.340703523451657,0.20771620983587363,-1.9517094601906633
-1.4844659313095494,0.07773994843213733,-1.253449338780483
-0.4404687411504225,-0.3069632605368449,-0.2779641691241453
0.9085284621048102,-2.3518216290478744,-0.5253567831120866
-0.7211245389609425,0.3025032131021212,-0.8684676118468544
-0.8931739089088523,2.110519434499495,-0.4739899969400158
0.6495336125877895,-1.2666734291728725,0.7849488391689631
1.0517729889114638,-0.5728094386286212,0.7226721455649626
0.8966069969304589,-1.7056387947283371,1.6736384691851178
1.371421259781933,-0.8542445983709228,1.1378206442531165
1.4498117263100558,-1.4877931647496367,-0.23853482450592897
1.2744713870147124,-0.8272165607075654,1.2998487220169217
-0.605125517153774,0.8504936327125261,1.4103441325133836
2.925325880074025,0.2988275613568387,0.5224224568051218
0.22915905584261687,0.8586244561750959,-2.2622686863259083
0.36551252499726034,-0.8566169115625938,0.7048585845331271
-1.1760710643425099,0.35313390432062297,-0.6046622715678013
-1.324246025244863,0.42704717201131964,-1.774184098556428
0.2955514925876867,-0.06392761185797191,0.05371793113120125
-0.36705278543374187,0.08767041690002705,0.3067263263782785
-0.2646735278367743,-0.8388483396090212,-0.28418712596963464
0.015194614230293764,0.707243551132146,0.49125567734432907
-0.6596575273633879,-0.2558674626723812,-0.017651932488415647
0.08204370490833565,-0.6088082735387713,-0.3988770340744443
-0.8767358904834531,0.6679070494533358,0.9185249673107037
-0.4956579604237644,0.49534407520849394,1.9915199879951258
0.34078350787076184,-1.2331203234568975,0.31923071627425986
-0.4222678084924245,0.9829294130739473,-0.11096309649668588
0.6851619944095848,-0.3883025018457622,-0.5201628405967205
-1.4029899845405955,1.1591898375081786,-1.1146195613924712
-1.2299998776560326,1.4973640813309266,-1.5041058747346452
-0.7122470309493452,0.5587801964934789,1.1910968086670872
0.45857735703782415,-1.064815710620193,-0.7117238203716769
-0.20222663938040036,-0.31239362444454244,-0.1425029373050186
1.082861002999776,-0.6575019254064972,1.0898624561376271
-1.4776795062244106,1.1732555857601812,-0.9431650601379123
1.629633501344087,-1.0914446928367572,0.45564700610178477
-0.29702959180493566,-0.5789140478447926,0.36783422766888135
-0.11337267405110349,-0.14977179721415979,-0.09924660390624893
0.38683481561656113,-0.20337048760009863,-0.023347222791719007
0.906819665524916,-0.7467585721448046,1.0546975974444697
-0.14368548458621724,-0.6548093512552233,0.08541283624110396
0.8224062880948663,-0.29139496271801557,1.09581104253639
-1.761244028120712,1.1608344288415278,-2.139643875786157
-0.6188312176303454,2.321267981718544,-1.3382925628718507
1.42330222147708,-1.9213420179616107,0.11429886358372328
-0.27761658041961385,0.22203785952259414,0.08562588452214194
-0.7499684490545332,-0.2023099017703518,1.640949086318069
0.3322577944289823,-0.5303416422986518,1.671430200373136
0.2461673611226921,-0.10731108631168992,-0.2556680422897447
0.2698272803121882,-2.530271031938393,0.952376886153769
-0.18845235742953143,-0.04698169043476286,0.8418354475264029
-0.36791213919218685,0.16138297868445467,-2.2763382337551943
-0.23362629022897752,-0.009778648393743324,1.2310083653650539
0.8306448801186445,-0.664030230009942,-0.5001848191432513
1.8411760806341348,0.08873472919536342,1.2165971454463356
-0.28428427555877994,0.6221075149662534,-0.5334783747413181
-0.8840420723109083,-0.8920544640650647,-0.44268122183066116
-0.7981880734203393,1.3925012459508004,-1.3807634277702554
-0.7168448585700229,0.9513947205918759,-0.15934065821800839
-0.4984818401509714,-1.0453665082834678,-0.08374033646213457
-0.042443713458295125,-0.8726377085578852,-0.2332593862635254
-1.9149667636609138,0.6949304803193544,-1.0975613552829235
0.5226806614254892,-1.2710688092177838,-0.15345867999477716
0.09513367803897949,0.0006720297042655018,0.276733612104888
-0.024874505473307662,-0.15676200526528858,-0.317241207843931
0.9565976779296377,0.252654048443207,1.4723687394375693
1.32159243376342,-0.5330454140087613,0.018466302947514075
0.7660857460309154,-1.1773086835160191,1.3612825136063191
0.1313206564272559,-0.5551680813300814,1.2309485261260973
-0.6165699925528568,1.0521912889031366,0.20966703966327863
-0.02264014767918052,-0.11231752474582753,-0.10768367353823771
-0.3181010064164368,-0.3387652168174212,-0.6866199966576169
0.9137733536957023,0.0008626024655501966,0.11678996616426597
-0.6965023457646043,0.3725906930463247,-0.5877106239872463
-1.1471113506438424,0.4171698895403008,-1.0632189530028702
-0.03909863482824485,-1.0052499374978219,0.7282429590147658
-0.3632391854559221,-0.9250123961695064,0.0029569991626003794
-0.043230857253745585,-0.10439108488947056,0.8478476832960996
-0.7623046037461233,0.1744868630890704,0.8670485604641874
0.6187728000615266,-0.4131330646320302,1.1851421091174124
-0.522051000510104,1.059125074797952,-0.30227567351525125
-1.3365372839449243,0.8514977556874466,-0.4727947996809356
-0.1949456682563888,-0.3632471144987391,1.5166705310574884
0.027738170681330304,0.061993811824625766,0.8194198646493881
0.37118416493734047,-0.8857392849074847,0.6193783688210506
2.0754082997820666,1.4870349729133374,1.101152071908584
0.9481880332808309,-0.06861447117531988,0.7117499748871539
-0.2417832249221655,0.4596481318680616,-0.7553704716728071
-1.2856968460189107,-0.6343226774082233,-0.5320542318428925
0.5545997441053405,-0.23691169002861992,0.38503163445628624
0.9170412853449833,-2.1479059468748125,0.8350153222117194
0.7709570368254444,1.5635161325330413,0.020403802426729515
2.497145625694952,-1.8486046510659015,-0.1436387563890082
-1.4364159119821405,1.559277683265614,-1.9336495510426388
0.9056594500775504,-2.4905653647116743,0.32537866595364645
-0.0002437880114427281,1.281913579974375,0.9842354245766778
0.6635534166355134,0.36228367808050277,-1.3441415631488225
1.0723307910926103,0.33226010880253,0.23606659990013043
0.3709170270771333,0.34082145981127365,-0.18214485670351319
0.6817015243280392,-0.8651513423447649,0.9261123647553253
0.5521263446074268,-1.189633203932488,0.296811702301396
-0.15498279821870783,1.201264946736617,-0.8872930511157702
0.05475324766928167,-0.6121736953617958,1.3096462858648128
-1.677371887626257,2.015228874469553,-1.0572380951596105
0.7530625076206187,0.6954144680119395,2.232677058983111
0.21634130108867408,-1.6482441828066388,1.0356272928937245
0.9660079561577982,-1.1306599801051505,1.1678114878428496
-0.6654404037017367,0.8655464712732521,-0.07879935407363661
-0.23530744775944756,1.497568700390427,-1.648730976667377
-0.7533371171018958,0.3445708500574317,0.5723880154699592
1.2949167288969703,0.09012180908632822,0.4481361393891
-1.0394579697665918,0.6734210444517074,0.2528816740295355
0.7355471236074504,-0.8378641112425825,-0.15699786576877187
-0.8597963892634827,-0.972021788205514,-0.08848714090267697
-0.752540509779155,0.8604855197388229,0.16518835380412422
1.2340491535757858,1.1230349212222657,0.4255635030564083
0.43640143155463385,0.6746875641032952,-0.9761039867697928
0.35816816393591144,-1.7412198569311028,-0.5981103889369894
0.05138667902690873,1.225763126677104,1.339295231402775
-0.6288078880855302,1.6078219462591725,-1.6886752640640348
0.9492757419539638,-1.2241634516695907,-0.6920430964417863
-1.1777253334923865,-1.5505071857168293,-0.49724226016502937
2.089649142841232,-0.0393379115246423,0.130419495684307
-1.178099070632265,1.5955975418087542,-0.4992110278785519
-2.0881323720025944,0.7198433781164036,-1.2908595215032164
0.23309766707998636,0.1640787564499485,-0.006167529897183412
-0.7692613844784978,0.35379768455568245,-0.589021292285862
-0.046902040009630344,1.1689528522123978,-0.7574561996733016
0.4101244119703384,0.17481846464558395,0.2502883697169226
0.11197478084876629,-1.0696624364451282,-1.2803801292502113
1.4830952604007999,-1.3413155969523338,0.34981136609554214
1.5140132387958034,-0.974842060333913,1.1316500869330193
1.8860192510182285,0.37275245125847145,1.7020883680361811
-1.3234667778945302,0.5891239428136278,-1.960235666263955
-0.9723431228401588,0.33551972809710096,0.7602524208475208
-0.8084111193591659,0.9037981129406507,-1.535200461407618
0.738002287274155,-1.1794969224122203,-0.005035553521818476
0.08717705241823458,-0.848885489032206,0.0665044873306771
-0.6567331973618387,1.277593355560954,-0.6925100845074739
1.0407012687406296,-1.4280045845400744,1.3957725775418701
0.7222683349559917,0.49971483229060726,0.5336389691427135
1.193264619364576,-1.3747678451043084,1.5331060508037397
0.45340318714150807,0.9801676322485094,2.266579706707085
-0.9556717811779726,1.2838825751053304,-1.5347095062426876
1.0000572792229703,0.016792830638592,0.049471095761951765
-0.6440979322737945,-0.2622480489567189,-1.2919815933254957
-0.06938664373191036,-1.0485700177682895,-0.4411995307637689
1.0234249154066566,-0.3821789031670736,2.1863871150121854
-0.3248082535018392,2.773949249355595,-0.11900847081963106
-0.7298840295254433,-0.9519537118781706,-2.5311731928492796
-1.4516650131960889,0.0460112133438617,-0.6921992553906169
1.1196902035860545,1.0890820089814284,0.27554679443145247
-0.3356437678856343,0.3136377748548218,-1.5704769589556091
0.6257046467487983,-0.1624445044243858,0.1968747105110861
1.5638515503306485,-0.7282745842412102,0.7697384222365969
-0.5603563033013438,-1.446259443911254,-0.6525429043032537
-0.6949868510893754,1.0025697859404898,-0.4502382435480089
0.1750458508611393,0.598781586993371,-0.7774484301683837
-0.28901289078162207,-0.1776392971772227,0.0224706344983293
-0.10192998974370021,1.2227672326556265,1.3948831522169887
1.370076591562914,1.4396857368188172,1.0584997666558151
0.6219920860975514,0.3159470009928462,1.9721292601508162
0.3637383805769914,2.1523438478631607,-0.17500986842079672
-0.9003539460059276,0.3603287920551618,-0.5148302495836601
0.2584170012239849,-1.101519321759022,0.4009816546437795
2.3830871084030445,0.6382327234009618,0.21519764770345812
1.9186984370923412,0.5604674036887275,-0.184321160994894
0.3040410621446207,-0.07217853690027622,0.3444675509993026
-0.10562232387640395,-1.7590443531833688,-0.31676336009307793
1.4589565249069922,0.9857653679841153,0.2242187631036366
-0.2169353788643918,-1.0326298418698459,-1.1340372349236059
-1.1927278103280143,0.11945337839504892,-0.9960706350891158
0.3044825589035872,1.3217126598575157,0.8408195234849662
0.2415702989368922,-0.7740096492403292,-0.3775370486184631
0.354615413043694,1.0492531174046509,1.4127799058164423
0.20348453330226196,1.6385815352112596,0.7197355593371907
-0.5516050835725397,-0.021834976483416174,-0.046351799619797004
0.9500377358256505,-0.8807322102619297,1.5935472333160081
-1.124646755040289,0.027625733510663397,-1.041347347152507
-0.6478398529610504,1.5854649194664028,-1.7033355692778545
0.6895758103722442,0.9042204927728753,0.6529222809652969
1.4003002547086592,-1.1070780757144658,-0.7423923818052448
-0.058848152740117045,0.5369315573748034,0.8287658050615838
0.6128609238861784,0.439449256532345,0.9623884043906941
0.047742208283258675,0.15395420986275007,1.3696981318908918
1.825899054846684,-0.7298000396349343,1.5930172585837137
1.8253682575639547,0.7594165554205058,0.5552655348264375
0.3679927365593186,1.3729454753014476,-0.38752622673629517
-0.7244781028418694,-0.9244494510881376,-0.80354073509776
-1.8127197508262065,0.9048190006443897,-1.7161028845626582
0.1980471712530177,0.3017366142366716,0.15932121903834306
0.0013948834236592754,0.6226874579993509,0.002872986298207532
0.10661978190445806,-1.117588097689994,0.924903163264921
-2.6513966901126,0.9654632410070331,-1.1605340208033945
-0.853601857062252,-0.5762600059954944,0.43138415035593797
-1.266603053159076,0.22766726447135743,-0.8381657397874156
0.541401457389391,0.8278079101359976,0.041900046643824386
0.9096040505373116,-0.9192999507790958,-0.11889538212202061
-0.4209661229726027,1.1772775127627018,-0.6470924524543534
1.9371573665133557,1.0620041896850188,1.4107009122166732
0.9996488910552906,-0.8236132394255861,1.0594490390823303
-1.134036967737053,0.11172772812697816,-0.3466627097519934
0.9425893031578797,-0.8392671301753216,0.17545016772455482
1.9068190519478647,-0.66488621761999,0.5495916349711322
-0.6518251915890707,-0.50712672252183,-0.2847862619911979
1.3111073328713918,-1.248393967367187,-0.24397945375921284
0.35851914855469413,0.6767004614996185,1.433423953470231
-1.5962999690343438,0.30777288002719905,-2.2336788162347996
0.5462703666716654,-0.5259280032642637,-0.8684532595660235
1.6709877020695585,-0.8693525192699504,1.7640422328777052
1.2190572568834932,-1.1005821523384838,0.7154870328155805
-0.23570005920523276,-1.0633504552563822,-0.4037135579359343
-0.37474383289123125,1.1799575984086854,-0.18735026884831005
0.14381551349292615,-0.048219596146986836,-1.37568561015753
-1.4708285387379045,0.3547673666921237,0.8581323145782005
0.06778930038414759,-0.29219647204620697,0.1878714609334377
-2.1255185927586013,1.7651587041199381,-2.3945881070611
-1.4129125473629114,0.6330645008762436,-0.8950403276145228
-1.4804548990155746,0.8618979589648029,0.3042117322322717
0.7780618872163934,2.424842376391432,1.2859449181030194
-0.17924021349982625,0.3122178057372965,-1.169586749237458
1.556906899732009,-1.5634145628109442,1.2976269237746911
-0.6036327585884893,-0.353787404884858,-0.6065560341361
-0.12200676854036997,-1.6087601377694283,-0.7662477403036833
0.28049728287724723,-0.3358708164173968,0.3458250018935715
0.7628624767194359,-1.8355332673070395,-0.05038649041444928
-1.0281401078142407,0.4257674254945641,-0.06922461346561841
0.4927947133148958,0.45751879753014957,0.5689455403915391
0.6313820862824668,0.2493744905041997,-0.03314715436869101
0.3799710613921572,0.5192095662273409,-0.02387094586679503
-2.1062307374320834,1.003554638181341,-0.7103968946113265
-1.868302751451005,0.8182111700672519,-2.130043357170812
0.99956612160275,-1.1822410838717567,-0.6895656135997285
0.21599662166821548,-0.06240979962741832,1.0964665987337474
-0.48245778739266065,-0.028257402807667253,-0.5587589280342723
-0.8785175006343833,0.4051063046400744,-0.4950662764390132
0.8228946684642818,-1.3155551525440055,-0.36724641007745834
-1.6873808743910175,1.1384321544122644,-1.6963932204264398
-1.600932761754526,-0.08754445948024818,-1.2657111474796672
-1.0117032475586127,0.6342165566022515,-0.8013857870864776
-0.36134720433570794,0.9064982359854223,0.23248407175979194
-0.7228547873592631,-0.13675679286232545,-0.09048849550815946
-0.35646135521158984,-0.2477810376191295,1.1525883409048605
-1.571346565350411,-0.33333443839903815,-0.07454339762807782
-1.2846041638925192,-0.7705199329108072,-0.6878690224584417
-2.39019349913645,1.173414344102195,-1.3777769526237087
-0.9583049583224161,0.09542370170284961,-1.5044063959587781
1.0706890466580017,-1.980188333406197,0.4250108035027875
-0.820572414461308,0.20766076547048826,-0.012989285671219057
0.5551270865575889,-1.1677486184466945,-0.660555382125124
0.7078571248051578,-0.07185734885844813,0.1813229464595681
-1.0090956563715943,-0.09275813594674213,0.1681221463693407
-0.8062594075922018,-0.8847731104885518,-0.17889746810723
-1.5423903464760822,1.133519070087252,-2.467404719595146
-0.14053941146025867,-0.14006417261836895,-0.24654579028079535
2.618812790614329,-0.7198457611676267,1.6259669857926906
-0.38161409563871307,0.46310779497614624,1.0149389678695386
0.125565799980779,0.8271631100148957,1.3190484946580836
0.6047243966405684,-0.36013289421253225,0.718574908757055
1.085381820043599,-1.1041748772856572,0.5277578152237881
-0.42904200211647997,-0.7243451731707751,-0.3160346753469439
0.49932338367053003,-1.023786016404459,-0.16650988327722133
-0.7473444928857625,0.05109543159026148,-1.639360224500706
-0.1742254003919342,-1.0925511239396557,-0.3873257887532117
0.7175212933213488,-1.3629347661638407,1.2371703530519882
0.11391463632935565,0.4254538118334858,0.30813318744487384
2.008016705662642,1.4610186154651799,1.2769316870773633
-2.0312933436935148,2.013056141177305,-1.9272565421007042
1.3261304870319028,-0.9269426980706392,2.047661158094618
-0.43033093557592034,-0.9443710717085544,-1.084510536795067
-1.0203719867716055,1.4909485369985795,-0.8840223644371459
0.3881399628903941,-0.973038889247687,0.005086831999628255
-1.081974884574703,1.236518136148008,-0.3827293570573103
0.6660182452455199,-1.2756582178709528,0.704505416573948
-0.9207251437295931,0.9132200895721292,0.7620510159806095
0.2543777877409364,1.2918601297495318,0.2825632857171626
-1.3730447083869786,-0.09271854403188377,-0.35504484477602244
1.9937164356932582,-1.3529096952624027,1.1204054911375512
-0.5210569746572407,0.28438595879094203,-0.3575094385749714
-1.3284753879227813,1.1928312631367277,0.16527209131418896
1.4473180600897035,-0.815327934450169,0.5306137942859741
0.4302925654000069,0.11281377537661698,0.5038762398131029
-0.9468554749519406,0.9207681525933585,0.03486094765328925
-0.014438547797251986,-0.6010187254092595,-0.7818642348333505
-1.3690467802769108,-0.5254246671318268,-0.23539540596924463
0.4562324561664205,0.9395055610582281,0.29794000386290687
0.5489471562165658,-0.28224736028348596,-0.8307974839438148
-0.672058592116311,1.3042000143714334,-0.1839878523359647
-1.355244444553616,-0.12502473210914808,-1.5125337886187658
0.30252795354673107,-0.03203423642642257,0.6420477468877119
-2.3419646207235187,1.250789972461159,-0.5474297293743089
-0.9765118763860714,0.35190584876079695,0.34009538612708495
0.9544189774367066,0.8899957776606103,1.6234464762535954
0.5163239638860251,-0.8881712589573587,1.1294838999266652
-0.028564109226493772,-0.2486094231481015,-0.9509272722325209
1.2237964332669968,-1.33915808258103,1.1812250034664014
-0.6753670913670728,0.974886235054313,0.17182187322290254
0.2185500619414126,-0.8693070167243334,0.603107187239906
2.497560445456614,-2.431745145576474,-0.2574916404142263
-0.6735154325491869,1.5815680665501748,-1.6964347533366941
1.219334195309764,-1.119542965959764,0.8078660185837238
0.9369990621446412,0.9867813100861468,0.5948077203636339
0.18040261590970313,0.521757229976472,-0.1710270359877813
-1.8960898042491086,0.9625039692683242,-1.4953147779864704
-1.1342143113094543,1.4078453576333436,-0.8692807818270263
-1.2701064601109018,0.9442262536625157,-0.6243763257147296
-0.2444152707490214,0.40104848925012704,-1.134526444976455
-0.6499585204988829,-0.037962528982518236,-1.4422846301527967
-0.20435850218784787,0.4489064422691379,1.1814634228574559
-0.7109584646897694,0.0857192108745205,-0.7102341150776245
-0.7651818397197934,-2.0573073754747084,-0.07181810160951194
0.32339560350484475,-0.8778094556158383,0.9448961338387
0.6582663164569612,1.899269849743916,1.2235619988347952
-0.010305867692706375,0.4109791963850583,-1.188425152980311
0.023559987289784676,0.5416852685664293,0.39563584616952996
0.10867372554013545,-1.087849221205473,0.22757110953734808
-0.08663820219121547,-0.3518832463072121,-0.34799989251241314
0.9554444415675997,0.7857851259368808,2.053433387502401
-1.43726809318578,1.238128679077689,-2.1493960259662748
0.2612091447416195,0.045109341792861524,-0.5647846887287765
0.009177526626728686,0.6577179323529915,1.1974731556890303
-1.5000767577622582,0.6089450869412747,-2.0958517439864024
-0.48902959987633077,1.3690249850721423,0.9962309532039869
0.45209491584731404,1.0928322545098,1.3846320852468506
-0.3012650616924321,1.7763881566526485,0.940843503738287
0.8792637510558655,0.9746808951050836,-1.2129145643666623
0.4293394032896355,-0.7258880060702844,0.5653989603402643
-0.484062719112022,0.4433317808518206,0.4881900360765293
0.2530778348315156,-0.9349333070132634,-0.7885997421214815
0.8941091740156395,-0.812944546060041,1.3236642442647284
-1.2860893414161247,0.10572635015886982,-1.133646272739145
-0.6394250788139452,-1.2517982439321111,-0.6369145706503426
-0.44796085951436243,-0.6262927456254971,-0.4257521252739724
-0.12811151687651384,0.3357378523507634,-1.2593549653206435
0.48402069899479644,0.7559438138052675,0.17482471122015997
-0.05851860166002805,-1.6621902062648162,1.6344149387210423
-0.25251948405547203,1.8785319872119952,0.385358085627874
0.550842629770317,0.3956082286746257,1.4124633602899872
0.7414150609892254,-0.5945627070543774,0.6400834071693006
-1.6282126341249543,1.447852377188221,-1.1517043044835387
1.560902002548294,0.07280996902378765,0.17646685635651496
-0.6915929190506023,1.163769382777236,-0.6408720972764164
-0.4727094512861368,1.3268183019664708,0.9696530657552512
-1.0886536405876968,-1.6474181740223057,-0.13039048910501075
-0.19502356121800737,-0.4667915678992824,-0.37973573156682283
-0.48079787049316736,0.8565881051191112,-0.034616345964710894
-1.2555645902764063,1.9590085056987505,-0.2758040383376799
0.1657485221491418,0.4433583967764821,-1.1019223472299895
-1.1122044777505269,0.8343040536616362,-0.22763683367428159
1.20832387589107,-1.1480110204218401,1.1799322252036335
-0.5052569384776822,-0.1985613241460826,-0.3397778969235269
1.0675784071733112,1.4637452754153386,1.5273634945891426
-0.5592923089687717,1.0477841849510414,1.3157153860548159
-0.30284730666756887,0.43793469076127706,-0.2980847048916802
1.8078526693613912,-0.26973216301142294,0.3315051942353124
0.5435300673613224,0.0037131897763450212,0.3684740545686555
-0.032179035529121894,-1.0173421870622426,0.24970849454438548
1.3016834149804584,-1.5160123522697715,1.1157490627950633
1.0851113514045803,-0.6384670348135327,1.1530591254287015
-0.7894683156418869,0.8953306539795436,-2.519659847696243
-0.8377902164735205,0.07346284480452227,0.2922198709530252
-0.10228565367847393,0.6790822786874992,-2.053369032204398
0.7584854253463191,-1.0228913727794204,0.9372241590039617
-1.3285528461772267,1.1295386754967416,-0.8957102176221281
0.006983616907807337,-0.7233856474785447,-0.49595880485454175
0.39743352759964656,-1.7627034994625466,-0.8869990892848546
0.007624512674007619,0.5163649813540505,-0.03393227723197522
-1.6412771629862342,1.5204719594148632,-1.7080581914293433
0.008093735947005036,-0.15313222158635623,-0.14417065329536968
-0.18016285683996794,0.025793608829970716,1.472724553340177
-0.6384876985621426,-0.4973407452136317,-0.24695707958248314
0.5855454011041429,-0.20995370779856828,0.2679937992409207
2.5530106086286937,1.458435451319334,3.4295977160521267
-1.3278480520035087,2.2062360709880844,-1.4493775422541921
-0.4408643274197694,-0.09032613531850298,-0.5651000380630149
-0.9571852650091404,-0.30672665592176174,-0.23803467085104155
0.36036107064372386,0.26849538718468446,0.3578582845962476
-0.9839819064403162,-0.33925044316164804,0.19307720982408372
-0.6914943136757349,0.5522276956957236,-1.1417731473952097
-0.7968723232517421,-0.13242492779612938,1.06363504484689
-0.28517885913404395,0.6056979045271065,-1.3747684042573467
-0.3085837570036507,0.3878733214754398,0.6944995408790322
0.4273799010808737,0.18998130630737603,-0.10485031374010445
-0.6473655329324304,-0.43197997768395063,-0.7109356789983802
0.15201577453050652,0.6198745766544181,0.08474722558970774
1.0309857793463812,-0.3748884629591544,1.4266285072098943
-0.4596341815420611,0.6192419403000243,-0.13814514580252601
0.13717203090331478,0.3790588242646745,-0.3102727030296174
0.8657905978889234,-0.33011474269084556,0.3662650870322333
-1.6814885939638033,-0.14051973911569812,0.30217903305400445
-0.5120758495397464,-0.16489486010476936,-0.20637996730084437
0.2986057283532611,0.53552006476378,-0.29043672517903935
-0.11387819106622277,-0.11167084669374368,-0.5813638556562511
-0.6785501191522053,-0.4075990440743588,-0.5383672907809677
-0.5331637113625763,-0.21679386898697903,1.6036418184959254
1.79901748361348,-1.2670608598155118,0.8284965116344268
1.9511333851316195,-0.6430049841145142,1.0572379177811775
-1.164130896589652,2.0866537359237665,-0.6645099887833346
0.22338866020486334,-1.4595897694879152,1.3162896184432855
-0.3873105618571444,2.9960085067602327,1.5255882914437064
2.3752560937393605,-1.8668429888588156,0.18581548652392846
-0.30026796765037755,0.23740064707050398,0.5608744504086026
-1.1790188131857746,0.3113492533888471,-0.8332181372378378
0.0903951839077014,-0.10697190398416082,0.9709702201029222
-0.06080944708115568,0.16964484431597265,-0.6177702107199158
0.6877845755725235,0.080811898631291,0.06088391164584669
2.5011285231084,-0.04710090411128484,2.3008725642372974
-1.4706918473488455,1.2572619132050191,-1.071223989647332
-0.36883754244053424,0.9719326337285095,-1.4426702696407918
-0.6970525645821437,0.7891503193112466,-1.6020354054266388
-0.05843762094178327,-0.09799140364681479,-0.09454195311987193
-0.7368581654993166,-0.11670988356473465,0.13353492442886658
1.5724427773012033,-1.8625313247791917,1.560288300604826
0.08414692454255396,-1.4259897227177396,0.6668350613910111
-0.5565330195060255,-1.6226270639182203,0.07519092449859355
-0.6517586322638137,-0.1923684704859124,-0.8831814676915745
-0.249974171346928,0.07053114857854688,-0.4389995322404519
0.7393027843406583,-0.608657721302468,0.2074040950247689
1.3030017081092038,-1.2947768465712965,1.217607116852384
-0.6495815804452827,-0.06141331287681595,-1.324642884817771
-0.6573263496507847,-0.1468440324035939,0.45453911615920223
-0.08591962669620694,-0.1901605912879767,0.8516260461097164
-0.8022286549727559,1.1136932909844983,-0.7004191303455712
-1.8023673330009997,1.3116556243047535,-1.5102737675027527
0.6671243714953793,0.4568431170475569,0.5112861798674487
-1.4757232356543706,-0.2743276839231316,-1.712194706561532
-0.372366926090978,1.122658484189131,-0.29874855214985097
0.49940589442583005,0.7953838795914628,1.2052520934539745
-0.596846351434853,0.4945410423421398,0.7459480784593416
0.15743440685622773,-0.3269571463584601,1.0326137285345658
-2.895664877963708,1.340281175733984,-2.493320718346585
-0.2746328353101453,-0.1590233696173881,-0.750404522740552
0.295310480715563,-0.28179117671752674,-0.5025722978855223
1.4279522096320771,-1.1071161409210262,0.6146328667163208
0.5229833108260366,0.6306847033759284,-0.905384265531968
-0.4361194939127538,-0.7646845145531864,1.1103937174064324
-0.33644176662446107,-0.18489611553887372,-0.37161463737150224
1.8811513165960538,0.9670666954781812,1.3356758500836132
-2.5875432146119746,0.40184933454345184,-2.52892572664245
-0.2395421450234534,1.239882090355199,-2.207609149167885
0.5653101876159348,-1.7984841022290972,-0.4183654270475739
0.6362251637579013,-1.0376549604119079,1.8070364918424089
2.2229689187866137,-1.0743323281792798,1.4187139848284314
1.484934390085283,-0.4394388304035009,0.8587482129848015
0.20034101504010693,-1.804466768555169,0.6711520533615607
-0.4334750935873661,1.0704182553107937,0.006760111231015517
0.8286103829602793,-0.7923374446901911,0.6599844191307654
0.700025602165315,-2.118973125480333,-1.1529345425058997
0.5638883129353759,0.8792403880889222,-0.07292460308096976
-0.7433660890461662,0.1464063765563401,-0.3985362335209497
-0.158408949348535,0.7910901297066577,0.3332892411266236
0.9457817263809968,-1.3380115436498694,0.3715290725983313
0.40104661599787883,0.5123404724972471,-0.17738508166278136
-2.5553038589622386,2.0708039887748537,-1.6801555587646957
-0.795862897412874,1.4679905903139105,-0.14321995440791926
2.4487550820137436,1.14849159095994,2.5540877849565886
0.2206466191694871,-2.009054172529257,0.5812795836021535
-0.961233587918402,0.6743101676212374,-1.2630956484875049
0.9829559091299838,-0.19830088614893931,1.6768087806155234
-0.0022179413663759046,0.7715124796405609,-0.39032816511829727
1.063238010796611,-0.03741600205120909,-0.09319366380283321
1.0616888970700884,-1.4662447145365118,-0.5357440309545554
-0.2005368700484234,0.6149834812582244,0.3603091697850353
2.1759246351598294,-0.8614856314302862,1.4002307652357726
0.9575529711429513,-0.722657193252476,0.942789742954368
0.15690309823434004,-0.06474314400764879,-0.9970675858019831
0.035425692636828356,0.44736467044459693,0.8404211348863957
0.01749126952327713,-0.5790884421901521,-2.0720621747908727
0.5440123814237785,-2.4360009760179233,-0.5168875876296688
0.060830698824156974,-0.9392246132609298,-1.071256715558085
0.3784780743054564,0.9754818093028483,1.0871349522616642
-1.760009940937407,2.429904956694649,-0.837289938668301
-1.8006616711400536,0.12256231020740747,-1.1752553268447523
1.0383966446733475,-0.17887999984194378,0.6977250097040516
1.683597612945559,-0.24435080339817933,1.8881244125140122
1.353661883396003,0.3984235080443426,0.5508501295685602
0.4333730875903953,0.7488260379896522,0.7625246150210473
-1.9365161267655542,0.856740330218226,-1.6388919017666557
-0.9072194529719348,0.5433618802508218,-0.8974231771570981
-1.882424367598827,-0.2069891651261865,-1.0409653752419388
2.25900424720931,0.44570311133255974,0.8614011557355566
-1.2875625706590068,0.6288040238475268,0.09730148164116338
0.13380302629886678,0.49713818317296155,0.05735689958616146
-0.13011245576057784,0.06883054236433893,-0.8635168381676875
0.3967197452099075,0.8857694196672505,-0.16603247716597283
-0.9360331968066885,0.39958485281493933,-0.6088301420622847
0.7750010341043871,0.15717824556125767,0.36733768438889564
0.009837097508150129,-0.6418481468239472,1.4024919062726624
-0.7382542396508667,0.09834107605798625,-0.4069176781465921
-1.2587782612542913,-0.37875004490069747,-0.2061698032391265
1.347258196492261,0.29751249147015896,-0.6100297303528615
-0.5050631942109176,-0.6777604459987808,0.24278082890000352
-0.6328715297822209,-0.27593200616550045,-0.5559570369751101
0.22530538024787247,0.2990486950798066,-0.47063188421099095
0.18749334492183972,-2.3550821666184345,1.3550171272719478
1.8037848044737947,0.9310147683572912,0.8095528155565956
-0.11627472066042466,0.2686925940514063,-0.5318537807519429
0.4114653145981246,-1.4559120787887119,1.3796161896308492
-0.19576541022780952,-0.877331619087099,0.27000114887490323
0.653628838133272,-0.547537077907297,-1.2581647214109595
-1.4536473906940355,0.3079589970477591,-0.028835339782888932
1.2201171117827296,-2.2179903925133804,1.5982763848105455
-0.6136021932678954,0.2968501376409824,-0.08574073728501491
0.9064631925480133,-1.0133714520258774,0.8355265676552168
-0.1137688505573471,-0.311672501695586,-0.29196656707216945
1.3076037489122632,-0.37742871057613825,0.5980572509520834
1.4358982576831334,-1.4213713486357538,1.041516725227805
0.03351971970581407,0.9090797242998999,0.44066709982720376
0.4968175785700439,-0.12631066946715525,0.2028873741884269
-1.3847510078491703,1.1739960946362122,-0.8153774903973443
0.5731588516344033,-1.180879760408391,-0.14913676068471418
-0.5883790993526886,0.9815440182427344,0.6149240859813677
-0.9596142974940411,-0.32668898475401814,0.594782108541873
0.4542920074121375,-0.29007763025885247,-0.8658441467785262
-1.7593183388034603,2.7910904709294355,-1.9623332913261309
-1.3211918619821084,1.0279697315265115,-0.7478130873898957
1.5836946282260156,-1.0749705615192564,0.3609672066982538
-0.3062915192512498,0.057006466108805665,0.574884514922108
0.21558596564901344,0.9561311491550103,1.6866459825896745
0.9053189163251069,-1.3669682876729248,1.9822303615564696
0.969165712356563,-0.3615040318072149,-1.2054754931201366
0.7815484322483763,-1.7486040900323805,0.7579099206178261
1.1918715449973167,-1.2234740577103875,1.8665738232559674
-0.24781907241639228,-0.5062025501680687,0.5968499981750974
-0.21324831508392486,-0.1728639292233293,-0.6076554947914563
-0.015660102779674435,-0.07232806989228747,-0.6963404076082623
0.9498080200852688,-1.459797726863025,0.15115872356959714
0.7099013419203171,0.7409840202988582,0.02319298063398524
0.8327315007268813,-0.8368977914534768,2.0828801317963013
0.36435524506648986,0.2730798455457441,1.2060145006364191
-0.8576690894618156,-0.04255121535963154,0.008995974283639538
-0.22383808536101027,0.4775084875451419,0.3089436429878571
0.39488001508026926,-1.3438330117586759,0.37489295248257026
0.8765403551282626,-1.9391328329186412,2.4899621618841103
-0.03390650001120899,1.472030980189243,0.5982560099767765
1.7435709769365608,0.5116025051288539,1.3415194313284402
-0.2127105297143085,-0.677173220022095,-0.1188902819757153
0.6769796823390207,-0.8300662510852004,-0.29142276184680266
0.4457778240053023,0.25618401185905576,0.05241320810058351
-1.386835369505403,-0.5201209175864016,-0.05702487435685456
-0.8586834706804076,0.17080266240804234,-0.16436586947142873
-0.5198134644067209,-0.8223685247980763,0.511748160029319
0.20122772937719405,1.323297245471529,0.6149498788697426
-0.7657036141131188,0.7205900951620039,-0.7530245107120632
0.32077656360305057,0.14841265732824066,1.4687606154194592
1.1629038436225527,0.7743564420582415,1.1495353706904026
1.023878875198652,-1.0060720347695102,0.6823477939746633
0.8104112920460878,-0.45728317052430417,0.49686415086623753
0.9414559256117502,-2.765553380687908,-1.088854799507015
-0.652503686107012,0.37506138105137765,-1.4011191031004313
-0.7507721438724055,-1.3714253682939719,-0.2594223127121583
0.56383757434717,0.29640581444994907,2.0756701770623
0.6416975235120432,-0.8645283543297062,0.8395746681564206
-1.1382816548027284,1.2634758643841584,-1.1940740729179433
0.9192800971947874,-0.28703675229507325,0.4247431031397571
-0.9381306669488647,0.6037373897019378,-1.3952650864623595
-1.3519147540082326,0.7757631355622905,-0.42398100581454423
0.7333993834344649,-0.8369494620235953,0.5274235419820986
-0.7809234127341868,-0.08170153575445552,-0.8052007275190892
-0.6193285270925948,0.42916505296600677,0.15409518514674933
-0.77999128657884,0.25711888123614485,-1.0997412239939584
-1.5165263595764342,1.6644676140114671,-0.33269687228774
0.9064447827376114,0.6130908809207063,1.9815060594382288
-1.2948586196064822,0.38432686499468616,-1.8903852722172187
1.0568018206254473,-1.051222760438731,2.406897914400697
0.6711647684424477,-1.1462549929099262,0.23854304281397357
0.39636774361654015,-0.952378096377351,0.5047459866318028
0.7336914428600063,-0.5173938280344693,0.6441935451204076
0.8637687015026949,0.132097389484702,-0.6072538864356043
0.3485430507832957,0.28347857927414516,0.49043092420697343
-0.5882452980879932,0.5500709919333641,-0.9441047931501937
0.23602209532691396,-1.4051538894591062,-0.7412266596438708
0.6170446504364048,-1.1633938647115736,-0.7469022851682072
-0.2932340927337767,1.2173139471992902,0.3502699244673255
-0.406813460250533,-1.466078242314653,-0.899132028998943
0.061482585895742445,0.3789307581429136,0.7693582389029832
-0.8435474337325255,0.8955567919522696,0.15582402980764068
-0.6238028495906467,0.6968892053705983,-0.2245919953260436
-0.5693766754887966,0.4825655084322669,-0.8308953953105858
0.4470278310736569,-0.9367502816704529,0.29810367605151034
-1.186354826847101,1.057807226410826,0.09692330285992411
-0.9533390778065655,0.9089823706122264,-0.5121339157316226
1.3759028922605165,-0.06337203545326928,0.9504735274469288
-0.7866372614221544,0.9287980709764906,-0.19044185047119366
-1.8509216722921067,0.43332460962854213,-0.6572260186528747
2.090598436457863,-0.8438141624255731,0.8794460803560019
0.8555843391379165,-0.16424257845387133,1.6919182024223147
-0.006812605252805399,-0.15723279710934562,0.2082924339200007
0.45476940418184203,0.17398934373434605,0.3076931326442539
0.49294599565244834,-0.4539100780970367,0.768633883985826
-0.017023244983952603,-0.20649106443163545,0.392038558259131
0.11200542079683663,-1.4407142198742708,-0.8790163717577687
0.27299349875006457,-0.25992913609464463,-0.2072582225751373
1.273262668357778,-2.4850567618058315,0.716588176355888
0.19953749573312604,-0.5301465768131571,0.5031703209813563
0.3640385282619268,0.6077526201023356,1.618253865518089
-1.0399592452033848,-1.0936700923824318,-1.1530978516201518
-0.9466360859019872,0.410627321170234,-0.4491318702608553
2.2950460553754723,-2.096807689799768,-0.33214115612046796
-0.11299048097015306,2.1374448611047154,0.3966840044391962
-0.2177240937968205,-0.8889976708475401,-1.8976678750463478
0.9858257128689087,-0.5045894346460104,-0.15664252828547828
-0.17649953840700278,-1.027877360733269,-1.2329859900173978
-0.6475074799501801,1.6731093136360995,-0.1756471143140565
-0.744425217639516,-1.0686302816994244,-2.2210993667349945
0.5176898178446179,0.5410046159493057,-1.4034434776773634
-0.09277655285024408,0.8544905617416193,-0.6487736847335606
-1.0576650149301159,-0.1637157640517264,-0.23940306936765862
0.3664468797443834,0.30807800714515904,0.3299767032554826
-0.43452759808634805,-0.6818825923840767,-0.7241621749508382
0.11516068802958362,-0.2737966435250023,-0.5241128455960902
0.21976327357808903,0.7969902231140393,0.5385420482326796
-0.4106824662127479,0.3376958380269368,-0.9508898559366771
0.026090385578437725,-0.6362504744364182,-0.7327918465342724
1.3769396775281384,-0.035476468411214455,0.4851091000198872
1.4723254482211297,-1.03441459972357,0.5237147246842309
2.1319327368573773,-1.3139174377349567,1.9498201776547248
0.3790368944563122,1.640695211946577,-1.109657514403479
0.3672501963426625,-0.487869212527841,-0.5006238356740905
-0.1855551953781486,0.564309564820947,-0.10859798845711707
-0.48973587687457654,0.6392061836323542,-1.5975118186335802
0.628856450012232,-0.4972198248426785,-0.6434494294352219
-1.526769999239227,0.24782310639478666,0.23569964217828968
0.3736050515946828,-0.13092973831161328,0.690198442550557
0.9005845057944383,0.6262202118925636,1.4926528414216158
0.8282452230283641,1.6360824510486702,0.3969226467094811
1.067918759260169,-1.6727725053225193,1.6874810784802476
2.7871072683606304,-1.2309646666603995,3.029583439677761
-0.16601255793875505,-1.0055865926932237,0.6666220503614999
1.0145609254790335,-1.7239569127067351,0.9504782887882968
-0.6821197292906727,0.1965728768155668,-1.2397214145101183
-1.3792029092363207,-0.21448305372293222,-0.40245543645266324
-0.2977533339457781,0.06387555129348237,0.0741636017228492
0.27840470466587003,0.17102446487925047,-0.7985419781675753
0.5645364263156605,0.9452067273082388,1.5447406485182922
-1.1420267971908806,-0.09517729165026216,-0.1030368333167885
0.1796531761497925,1.5441947477370823,0.41929631628113906
0.4260073158891005,0.4376754388663127,-0.4845585046585764
-0.7092365665722684,0.04341955155451939,-0.09835363560871009
0.5665941795847063,-0.14914988857163833,-1.1866504028848255
1.4299617513404366,-1.1170243760844212,1.3544019543642005
1.3639702263746063,-0.6778490462484347,1.032659887337661
0.299664878427837,1.8112175277594442,-0.39111762263971356
-1.1179292728246453,1.1939904952098128,-0.8405348583953149
0.6078268105784528,0.22480397106587444,-0.5715862295517756
0.8898209573810989,-0.41527194004311874,1.8479610285469397
-1.2217364834691427,-0.12794960352830861,-1.9700558192668869
1.1458575866635736,-0.917963903439356,0.8333243606087993
0.7085754670576019,-0.20267870292448456,1.165060910305563
-0.7286174696117901,0.0483497062056086,0.27530717178985686
1.096496285773529,-0.12106141875210086,0.44025446674428725
0.5975003087285103,0.6638998373306716,-0.24984840939449446
0.11746551056113996,1.0875824533750373,-0.11390280657761716
-0.1415890558771083,-0.9756495707504135,1.8232368125758265
-0.5433745262981154,-0.03193237117707729,-0.1483487626813113
1.5029611685996933,-1.0432306989612325,1.0352325570632381
-0.40429135329909405,1.5595169775363176,0.3587997188030828
-0.7241253143121102,0.8365829956549229,-1.5675770205068549
0.8762440715397493,-1.0252116766526391,-0.1220035090905403
1.5961591449004353,-1.7629154668163478,0.7271060438762585
0.4339204077415042,-0.7265571310863314,1.1152599324500365
-0.38858028850625487,-0.9660208324699321,-0.12055421132101712
-1.6653933268064682,1.1866886810318908,-2.016204531095644
1.9069059019783792,-0.2483730708838451,1.8299516849501738
1.0330005136547957,-0.5668315902440657,-0.714339917191797
-0.9835394502767388,-0.8056353325518872,-1.0198545119002744
1.0802288842379513,-0.8934828372537549,-0.002224920508155003
-0.014741585986835769,-0.6524028462440101,0.7876315049348368
1.1281821917350123,-1.5590033784006063,-0.2764172589611545
-0.8253302145684394,2.259107408218853,0.12732685318997264
2.011805605294004,-2.4444015300769757,1.608389725029727
1.9432328366802984,-2.3412210914393015,1.1699932277064415
0.19227911871547032,-0.32147043514279633,-1.335547127716647
0.6898826888462398,-0.42826154942906536,0.8671971314260711
0.039658663055633044,0.6159835666361291,1.2835527767783712
1.5205497265812897,0.5922542336119548,0.2531809395942127
1.9765325781664818,-0.34582002701677667,0.44441191111877726
0.46767010582486007,0.5151843786323657,1.0830940802664328
-0.31833647783718233,0.9900578407791146,-0.07240661234729609
0.09530774263281798,0.278916409892678,-0.8693865519567344
-0.8725825446301165,-0.20470317185444833,1.0374339127055
-0.3432535980814475,-0.5781795854079251,0.40082783842985836
0.5075112184873041,0.16073396417877367,-0.03667722163150378
-0.8403383892949643,1.0851461773618545,-0.3523039165300283
0.7022576525467447,-1.3625532546272283,0.8784392002868048
-0.894816062390399,-0.666957144430511,0.7966327986148893
0.27282653576123095,0.4592611297281052,-1.482206436148651
0.8920594855228221,0.34606037387194094,-0.2260506212635266
-1.306595772207238,0.6473779605043924,0.18404405850334152
-1.1227365362739845,0.7820576864332588,-0.7254778573671311
2.1063121639994415,0.6629828786448574,-0.28340327889422806
-0.45982734106075324,-0.32176943796432017,0.6847086692339248
1.6486458794605634,-0.08070450856459067,0.8233602108988749
-1.7361251863117544,0.7808707444185015,-0.43939106116936283
0.23814850610258315,1.0725553838361306,-0.07024494346069865
-0.5162875123889931,0.005429030001851757,-0.2004133079263238
0.13581036427838755,-0.5858943303324285,0.0015236871353118302
0.7114292258235099,1.660920099126076,0.6537292505374995
0.4570598644638,2.054763929977367,0.793524926714246
-0.4911397399076296,0.6018507162141623,0.07806414296643903
0.3659896780866186,-1.2796676305984744,0.6522514191531251
0.677300101033595,0.5912995211370613,0.13893200867235184
-1.5273202769874075,3.8427144272259763,-0.8735841549726386
0.3288840669875549,-0.01451559456792065,0.7187240746584412
1.358473865269904,-2.315458335934719,1.3054320860698536
0.7819216448331475,-1.0613651033366502,1.1333454558116294
1.5751305741358637,-0.832753906605375,-0.008846942339889504
-0.07197438548136814,1.242563487309435,0.6079353280246697
0.4624055205064306,0.7328435926557204,-0.53476192278334
0.12150951524004347,0.009947368370337639,1.1640747933281304
0.6510308971203872,0.03548931637657583,0.29593673414134475
1.1149549523052154,-1.4107455277360257,0.6855329590406002
-0.42415119663682294,0.02699685230807534,-0.9624388025858882
0.11045972867935064,-1.3558875908116583,0.11521925158477798
-0.37056738941248074,-0.5220535757477458,-0.375172843473105
-0.5420463489264472,0.25289441182807343,-0.1530989292059689
-0.4758680010333663,0.7598551352855023,0.2845041340998978
-0.8063804276912058,0.6334707824118367,-0.7188387336007815
-0.2786601743390011,0.7133373990453614,-1.050097286951907
-1.3668233798624796,-0.06835975164594398,-0.737865365904038
0.47751144011396257,-0.03205210760233625,-0.021800969584119777
-0.13439490213285815,-0.28864071609855874,-1.9946594138278344
1.527579224858803,0.932404425742924,-0.14645637913518803
2.7549409250417303,0.41035732031763267,1.769336028006481
-1.0204994097595188,-0.262296571073019,-1.4817668023990025
-0.46133162107952436,0.3193767164069854,0.15946351844963075
-0.3256501029038231,-0.9549837288123245,0.37735612767633514
-0.8888943834842248,-1.0961135289783164,-0.7937033717063894
1.3011471012452045,-0.3006902011091891,0.6068223582568602
-0.47991646137593585,-0.08033747375157527,1.802061545892395
-0.9121900054249784,0.45501366180999997,-1.3301763122905872
2.3379316637485372,-1.038203862257871,1.877625841846931
-0.12369953764205836,1.0188297395816646,-0.1773479661410847
0.026826751736836327,0.0029638781455168105,0.24213465485074945
-1.5039197236888047,1.7153178875004091,-0.6772988314232696
-0.3625846154903436,0.43197332634762114,0.417429763273324
0.47580206144680953,-1.6088436944795854,1.443805520629533
0.14288670232250053,-0.2528871572890046,-1.280969944003405
-0.3167333333186321,1.3101264899864384,-0.1897660350933722
-0.10255914013196178,-0.1829595913111294,0.5981088254522403
-1.8934063294991388,1.2194731674777948,-1.495959785273871
-1.7089208556470932,1.1602513235148801,-2.412389370120247
-0.2600406656736533,0.6661227075831472,-0.45909383447057706
-0.3857413520077376,-0.7264689868939463,-0.6909148054349427
0.05872062044773087,-0.12959029292588542,-0.7316075302615406
0.4210897893633048,-2.3053838386234724,0.4188449706444483
-0.21676033878908457,-0.34179535659120025,0.5441887985146666
1.8309509495380152,0.15376131677540045,0.7988405657795408
0.4035486199783209,-0.20678818489741918,1.3841375356301513
-0.4614605559257328,0.23387131126435584,-0.09543969903229804
0.9920391264257334,-0.9268916814769994,-0.2486817035587332
0.25056050609371916,-0.7235402103040594,0.12906955691505181
0.5141647208131198,-1.3072375942513632,-0.733788569423957
0.29619813937104006,-0.33894511431744134,-0.7963775360252839
-0.45779533224604085,0.888201607031231,-1.962978787941219
-0.36662007987931994,-1.2903531449185193,-0.8640801856159287
0.2535577598467445,0.6999635797446443,0.3704343769219712
-0.5416742008322106,-0.5983131782282072,0.7027458392493188
0.5744566996474922,-1.588550234122701,-0.1862090203763759
0.36219012306835985,0.7031178279822541,0.3002045130148193
1.1102381633242304,-0.663817423188178,1.2994351419153152
0.49577336122548055,-0.2578450784703122,-0.7763041521628867
-0.9625211498636329,2.3710434333845596,-1.6655267051265605
-1.1938638983515384,-0.10375486323988217,-0.7754434531030805
-1.6446086499881454,0.009403757198318931,-0.9676544691198378
1.2628076537408797,-0.34769502107203065,-0.41771382675613267
0.7541613639171573,-1.0222056714801682,0.4436016013698377
0.4119650873808486,0.15835522856309056,1.031056916492755
0.48628331953667053,0.06768356389379626,-0.194609991854047
-0.4356729400852791,0.9970693820970097,-1.6742055400437978
-0.11525916257784569,-0.6075467046492169,-1.221863212585225
-1.4322560001525262,-0.11247949265237545,0.325349636743978
-0.11954482800489347,0.47216655082463105,0.10570780078993912
1.6313721823407206,-1.5065291943436014,0.7751988147838974
0.3312511278007741,-0.15896379284819318,-1.1392022584903898
0.373611885377504,-0.45024823894295235,-0.09952160466107854
2.8206777226658826,-2.430112052389507,1.6406569961671849
-0.15927116681943082,-0.21360684379671552,-0.9389680775983791
0.05856648030126803,-0.08761091427291734,0.7233356736829682
-0.006766416537037858,-0.6725901756437345,0.9026185406882927
0.5581213498096311,1.5171646041151314,-0.21006211802108007
0.1395083182752094,-0.20275185346220298,-0.0683134169150053
-1.1196836180644136,-0.9801962307595351,-0.8168110816942098
0.14522893176314008,-0.033671411333628234,-1.5137293254831066
-0.07900934766679624,-1.0672539261503444,0.3744132325414391
-0.797109075083856,1.7834056308903212,-1.3041119418403548
-2.941114252223036,1.7745902847853385,-0.9398543184346168
-1.2173675996492694,1.074468695728584,0.707934818452116
-0.6918314421302015,0.6612539139816223,-1.1459393554355204
1.197859645084358,-2.231387263804562,-0.794920996203657
-1.0261033620483737,0.27906600936583553,-0.32838469439062346
-0.681710328647652,-0.5384387220303364,-0.2988033862927207
0.19948804742819395,0.15541902477192146,-0.6239726715493352
-1.937986060325281,1.5960455336201946,-1.7715908892722891
-0.8217430156963706,-1.767119464201261,-1.1213112033073
-0.5073016665412232,0.1963507212411663,-0.9161520872663768
-0.4058361889393835,-0.4748570804689112,0.32751140689726743
-1.433290481770015,0.7867422509764825,-0.8366577787886813
-0.7665290482775068,-1.0087119572588086,-0.9751817273987301
-1.0790741675041955,1.410656093857861,-1.5534373839906543
1.4189053703690362,0.8708683509416043,0.5592019380170509
-0.26333208724822754,-0.43041694363185573,-0.7244158212941268
-1.3368350624749232,0.9970484752541428,-1.2466460938813
-0.08070169864630612,-0.25485392243725574,1.1407140521018624
0.19863889418709607,0.5266284567681883,-1.3907905042229556
0.461490927450065,-0.0831946312825988,1.9181981399561405
-0.18536499886197927,0.35276563340938794,-0.15924136753479842
0.33703766429440934,-1.0202897454820596,-0.9057374637033714
-0.5987030279889841,0.3696729609418031,0.1424347326728792
0.6659876135793017,-0.32449859015248295,0.9521770422280016
0.47592102221667354,-0.5452953311763289,1.9694615203199821
-1.890326838252978,0.5656760091977612,-1.1443511431706352
2.503211495773614,-0.8768695876368927,0.3422316137829361
-0.32225387990413434,-0.19972005890359731,0.4440695974446901
1.4174659239106915,1.1793988060135019,1.1728771560511166
0.16107265560961784,0.5759448409294304,-0.700446183140107
0.8687890466752232,-0.5660862001283662,-0.22461851081666565
-1.0860274823926823,0.3159684936892967,-0.31060786892771974
1.4729240489237818,-0.9168447952321644,1.397698066084971
1.539237385011631,-1.9558577228001073,0.2291876097298231
-0.7030588475580546,0.7317066171570588,-1.0731965417355305
-0.6828285838898731,0.8784914994099127,-0.4339609948318289
-1.189520146300206,-0.509066664803008,-0.9887165395399822
0.5242178961675311,0.005740829303320991,1.3523815927502723
-1.137946276492691,0.07359067838591075,-0.7899409582964324
-1.2449991008565802,0.8004029854685657,-1.729387174722993
0.3766270022940409,0.028037089163629327,-0.5083719684849717
-0.8006719473892376,1.5106884087348145,-0.615323892284083
-2.5886685213648315,0.4185422904057049,-1.6456554441537503
1.4912888818692478,-2.005174257031684,0.03493836236773659
0.07850223887336356,-0.23021315017107025,-1.8293761083123723
-0.18765785889358394,0.012864427726674368,0.6058898784461336
1.633799394638238,-0.11324369916704528,1.8020846175185319
0.8891826534803726,-0.7959212364944313,-0.9731614736100521
0.5120737662453568,-0.4696475767973395,1.1750856310069993
-0.11933659167014209,0.9236931952572399,-0.8830063816581328
-1.0150467215074463,1.5501905075149767,-1.9729171221438835
0.2732471062127917,-0.7032433044313601,0.24485537544665245
0.37217767695435516,-0.5894547798774523,0.6557249738221853
0.7605624683088249,0.5045062478075923,1.3990206119993545
0.2558672426539911,-0.7160828464626758,-0.4065472675301503
0.4956857013679159,0.6633135892595349,0.36971532095489873
-0.44935960367316785,-1.2191764473926532,-1.2501007437720817
-1.8635346497744087,1.5618081106231623,-0.9481011289825019
-0.4772488981456179,-0.01976115870506171,0.341466721847143
0.9120448535737149,-1.2919296934355777,0.17081414664491323
0.4054510228645642,0.32482775845577366,-0.3226793784243238
0.49330047439355,1.5093996639760134,-0.5346002589767261
-1.0250371572237116,0.907027284518408,-0.46074020976513885
-0.06807130442376276,0.11731051606110188,-0.8105519076667588
0.7745742501090541,-0.5715636103217796,0.8777415835454362
1.1521728247218215,-0.7565497086828035,-0.7187067706706595
-0.7423674828265573,-0.7029607913437073,-0.8026916076420377
0.0038957853324696943,-0.3465801858187933,0.460722648196881
-2.2901325518351108,2.0492830365582484,-2.1315203493983703
1.0514814654962115,-0.06653770692732164,0.11715579085331491
-0.9732715010205005,0.031892672370409936,-0.18673819757581406
0.7570408857845272,-0.4792916029496591,-1.4847802483041017
-0.34927465508499195,-0.5899306189345037,0.2256186992368036
0.32905313554027027,-0.43761213685178457,1.3496465801198485
-1.1449105431942719,1.532479359804097,-1.7043201267898813
0.24283569746916125,0.5862999220355678,0.32186519207292646
-0.5518506788684453,0.1758248887735317,-0.20067314630112124
-0.28832809909890156,0.2822690392208402,-0.3689028372018667
-1.06552223627257,0.9061241611393671,-1.0574603230352537
1.1027932600359944,-1.3735464561259252,0.25822895801195594
0.45812936721065123,1.7091496741049912,-0.7613330363771261
-0.09847356860950074,1.2950173337302178,-0.5812154931227099
0.4405877967149469,-1.1675323367636763,1.542596624645931
0.3166968768793326,0.7564527446466581,-0.5214431420000366
-0.28229763493838483,0.24436082851166918,0.3520932180652655
0.07444824461850992,0.353631593071531,1.119165752793402
-0.6256138023644062,0.4622631625029178,-1.4915822045150802
1.1851660330571343,-1.8500030529602136,0.5383052897977809
0.07401136700657218,-0.6705277969367379,0.5896255232041965
0.22866713304115144,-1.6423584210325295,1.0500539360741266
0.15232340373119327,-0.287765575839939,-0.01427471303015228
-0.11106318465269209,1.0823628526487228,-0.576260199229686
1.6229693558964733,-0.46897069419782184,1.2184773844834322
1.5972443679975628,0.606669412380601,1.286302142372908
1.3292614238510116,-0.723558450179343,0.6962288195713455
-0.23782704000943786,-1.0487770416583566,-0.038964404515053105
2.1305564414916778,-1.016262622707652,2.2121705998263983
0.8602417059654351,-1.1430797250162101,1.063497389827172
0.3646411147365052,-0.34943372072978957,1.2961844166903254
2.0437565066626155,0.1414621911547681,2.046745750862061
0.9321519466478985,-0.8828699623998719,1.0760692101760956
-0.675695613256788,0.5298790607104052,0.20348702869149235
-2.6656606374344562,1.273432645004029,-1.3487244289764764
0.943632491637121,-2.363222844283606,0.5650890613215834
0.15413330133910058,-1.213656250071659,-0.5986766227509347
-0.009663815720399666,1.716727775469734,-0.6178822066235328
0.2412904893644037,-1.1940807707697725,1.132788893515158
-0.3766778072254771,0.38720815104944656,0.5207461227309589
-1.4838996746372357,0.7000998352948334,0.2807869318180262
0.46174579665979865,0.13001677633098094,0.6170493502921581
1.5853965542407598,0.07346706112846843,1.1388583130520638
0.6643039435598236,-1.0288355052987637,1.5049431330586123
-0.026242901418242755,0.8058400490655057,0.6967309924488104
0.6222088336987951,0.9169061710992894,-0.5384779427942373
0.7910734554802336,-0.04897558702561101,0.6627854241002171
1.1714756524082188,1.1889371750190059,0.17346409742720906
0.8915216316138191,-0.9658090528258809,-0.6060933290276715
-1.2122355949993382,-0.17079748797844585,-0.31036269413275097
0.8989778062098953,-0.929969088161337,0.3438663972467225
-0.459592748860999,0.8859813850339123,-2.5857970938533903
-0.29076580247121625,-0.4744656138905962,-0.40575866661074683
-1.2544228070936627,-0.5965462435930778,-0.7427175964493329
-0.3923477326600779,-0.11730750122257529,-1.17806815934971
-0.952518806231776,-0.11461167551863705,-0.5033174039950858
-0.19179234063473086,0.05421601686689038,0.8382634528331282
-0.14683086068561726,-0.7205456478553207,-0.28779443362723267
-0.09994885700961753,0.9301292874563725,1.2853920168646984
1.5291146163797578,-1.0432457046475847,1.7730551398160064
-0.1064699175048152,-0.009225018594454145,-0.5788839698909282
-1.97341759216072,1.8237147526117068,-0.4355236123483587
-0.2617600793994012,-1.4643322884492112,0.23104747988952604
2.2854827964653825,-1.2453304703777188,2.208655255093004
0.807047957063822,-0.12921303961181624,1.212149929900852
0.7290007635379793,0.1244485308428176,0.9809400914319018
-1.0258235609636137,-1.3655707782295983,-0.4627555703702468
-0.06545840318062013,-0.15153718204094263,0.3159470571991047
-0.9273023210389512,0.5478725202154081,0.5868300502691558
-0.6635649466914357,-0.7089772552262142,-0.2476728059452571
-0.24153389401202052,0.8283771543212085,0.6820665572206119
-0.22953746005549003,0.8094659161659911,0.4550190760715189
0.04975924021733484,1.8342230168588205,-0.11318233183117271
0.3262566630985912,-0.3661744593566436,0.7048376777438967
-0.873675268723094,0.2918446939717015,-0.7085556443819866
0.849701954750933,-0.0017674181435453908,0.941520872868588
-0.4922977345526214,0.7022715188314846,-0.9433744422176522
-0.43017800461754996,-0.4457618889111286,-0.11465852834201293
2.538943425817314,-0.4890985374422295,1.4165411174547469
1.0320938941961428,0.9090586535637027,0.9083840454096065
-1.3060948266135075,-0.1738481267101169,-0.787955468525046
2.486125385790009,-1.717556428859008,1.6803710196815724
0.2855876140258774,-0.3888153190355185,-1.101902896243581
-0.963077243225897,1.4652075788598706,-0.22472892978945103
0.12084198389799353,-1.6223122643111887,-1.1571395872083972
-1.020373397786193,0.18504211970819878,-1.2124346012962939
-1.2713914325604423,0.8261966520141135,0.027174677504465318
0.1227051490803056,-0.7614568872978205,-0.5100026878559308
-0.40589827948845086,0.448095161525666,-1.8890693721132008
-0.07313292819381698,-1.606817253668048,-0.9567104973486544
-0.8322843901673673,0.8130139344339181,-0.9844250436139862
0.5980517724221434,-0.4976376408720262,1.5604508150803078
0.31419861773395225,-0.3112154703612761,0.03995686259764529
-0.2401450853074858,-0.6618937262817614,-0.9959121527056393
0.3174959889299448,-1.3988638556218094,0.26045571194829303
-0.2700063626580983,-1.0490421726070418,-0.8691712905056683
1.3569328623764076,-1.1885092423548083,-0.3862473112095778
-1.1384926377909346,1.0832405884615965,-0.6159450723455212
-0.7075656259902675,1.1366532761080241,0.40176146703401416
1.0370471438730688,0.9439705572813194,-0.04326641362331281
-1.191079517654189,0.35746512399566266,-0.8442569488263701
0.07963318974725894,-0.408613484219584,0.5792155015552237
-0.9552874758529195,0.7828885792606928,-0.6846974844158873
-1.979512501496527,0.5254118483518573,-0.8524586596949967
0.2151611529806543,-0.2858916381875732,0.4752482427098338
0.38163499900780196,0.4968037802299024,-0.19511502049561155
-0.28968216719743856,-0.25128268765257467,0.5161430710204956
-1.1100853412443563,1.364605836212579,-0.4256363902409971
0.5737217291238224,1.2204325596214904,-0.005040534598384108
1.050513534247816,-1.0135222160112418,-0.011803991479360903
0.3537074079971358,0.050918554696364006,1.6917839012326872
0.6701403823962115,-0.32832481025722376,-0.11995604124056973
-1.001026836420705,-0.9303209608381038,-0.2607181605781934
-0.48934472707608906,-0.004998197260411833,-2.107353242820448
1.7259497563402555,-0.9501832489516745,1.0386812262842158
0.9007931809907487,-2.1526551815260553,0.44140215099016855
-0.0872251639342254,-0.6599008431946268,0.22904371969550208
1.3865686502048793,0.1138145439919027,0.7534982377229046
0.24662792194309555,-0.3620368066175152,0.06727717522421939
-1.6962410149729057,0.8869296897805818,-0.5006224786368786
-0.07222252336251148,0.6130306685743737,0.6122984277846798
-0.6509171798847386,1.4227831321222513,-1.2763395373857638
0.07026440242830669,-0.2808295650714776,0.41037427220159955
1.1459433153113356,-2.1395304482294875,-0.3833528125089079
-0.27347139781963004,0.8022027833245404,0.10415405089546678
1.1708468850272489,0.2195543569903958,-0.09347229010229875
-0.7366238606634927,0.8588682850967224,-0.3623873815928237
0.8724322681386526,-0.8968385962702596,1.0281080046623778
0.674546200986022,1.0056183163738435,0.9645340259362081
-0.6919036229721043,1.2617041667367705,1.0640662821767468
-1.060549558425334,1.2198906605902888,-0.2154952990820792
-0.03007275656129327,-0.139369399310795,0.4448793469411088
1.3175711987808705,0.6895935467999944,2.0211505307657123
-0.012902064826154904,1.626568881644169,2.3623046879205525
2.076784102568082,-0.5948930150929311,-0.4792874474067897
0.8098556630325082,0.0885841767698282,2.512954971143443
2.0491340465875756,-2.603915078690869,0.8875294662504123
-2.28646615655606,-0.21955743374125977,-1.0983128939452782
-1.5113747337440078,-0.19206963732507795,-0.5055359466156242
-1.1231250345103496,-0.10495769003005762,-0.8350445257733754
0.014337923395403587,-0.45317317044905453,0.4932439496156872
0.2721018000218357,-0.01560518044572759,0.39240004867510125
0.15825567845091998,-0.8157534421162543,0.12149041377063043
0.5163152046264565,-1.1944637772297582,1.2110038988570602
-0.29766261657684495,1.0525497517354396,0.21888663305116007
-0.5152461630378942,0.4053827133426053,-0.0561936970130408
-0.2128235667136018,0.7490143108921883,-0.40545645629159305
-0.6780523647045298,0.746785402766267,-0.07173429526715866
0.057420147409279164,1.0265357508524167,0.010048133230056903
-0.8155364757670841,1.2124452304920952,-1.127424027731277
-0.8033823731320352,0.5188095014239924,-1.3401104343901145
-1.5990607177753204,0.6876549652740997,-0.3956201787599384
2.0044364843793643,0.28964194276157446,-0.4470177166560622
-0.726864414144398,-0.2253217903599298,0.24331562013716831
0.3820100337978536,0.38653780611258,1.384996842436161
0.759967004880349,-1.0549586710302192,0.43732898192461506
0.795562042922342,-0.3930515073049888,0.33186626656409274
-0.15807574240337946,-0.9099938848211746,0.9501846047625939
-1.0343321649980641,1.3669612944222462,-0.9613150686752743
-1.0509737703909279,-0.5742385114614614,-0.6523955816931692
-1.0530613057228708,-0.5895888323556299,0.1452084389019936
-1.6904826053094346,-0.3901391329122766,-0.37286275095598687
-0.4286101094080805,0.0380318131881592,-0.4451476686970503
-0.05972479856095667,-0.8058128647143652,-1.6388091276682533
-1.509414302198935,0.848373743756187,-2.6183149196369846
-0.4403329420857699,-0.6975766546247746,1.0188089926952155
1.8364399478228264,-2.139718688913188,0.8307100592673686
0.8992737421450457,0.5587560254086986,0.718453644710223
-1.1131664707584503,2.341261173385552,-1.2412466554513304
-0.3380735813714777,0.9844299053002838,-0.23020830175632562
1.238723006270034,-0.05610782661157788,1.0913134099044748
-0.5589097324718049,0.900482237524729,-1.1638217427989992
0.9907057823086121,-1.2822541131521061,-0.6769112810179247
0.3638358487210743,-0.7313082828626355,-0.602591718871383
-0.5306160836108235,-0.3377137216045098,-0.832883531339508
-0.33782751888209955,-0.5998199910969764,-0.33418960251764585
-2.328371881763691,1.6515776833712927,-1.5324826623895895
-1.7848569693862026,0.517431261090468,-1.7429125454763355
-1.5027193214760093,-0.20668039891715612,-0.6186464823151319
-0.5294418645454153,-0.01771689998921803,-0.5711177231779829
-1.291686804755593,1.9705171599048865,-0.04802652382725196
-0.07668088868484868,0.8376591323702272,-0.033708173616801895
-0.06776752764559248,0.5476221763465464,0.2620135900145172
-0.7773227194169104,0.7709185549237977,-1.5026090646163357
-1.4127901771488198,3.1603519782519163,-1.9092886087174672
-0.09424390415229184,-0.29128003688108456,0.426701436162204
0.2459917126011776,1.4819400175303092,0.5930457326131132
-0.8709409463948011,-0.07480472728903495,-1.0598314290577078
-0.4732096111607112,0.21772825328107132,-1.6844903973809042
0.4749905587790005,0.663680237619208,-1.4330225150495337
-1.5122764527107133,-0.31849275232171836,-1.015067685573309
-0.2758936637268977,0.24783505184159652,-0.904114681354943
-0.8435400686904941,0.9358751605477552,0.21807406723552397
-1.0113073124123293,0.13801209957697594,-0.26051640376458357
0.8832035777921787,0.4117724544465021,0.17315494550713786
0.5261535749213541,-1.6674648068301454,0.010003571922022452
-1.1862420823767368,1.3537454260885444,0.5849568228581623
1.8801183366968142,-2.21035064160637,0.9526275650069188
0.19026824097350498,0.4302400411854767,-1.6208709148735592
-0.10253206657420853,0.869178970771801,1.6613388053747387
-0.558929402688277,-0.2844791651279794,1.2756027138775508
1.3865096762858387,-0.6303306866113801,2.65059047923802
0.944422404267669,-0.6115518616189562,0.5105577405789873
-0.10967871956314089,-0.18410052301065025,-0.2847085734543515
-0.10997509014846084,0.14750448115206688,-1.0366874042560958
-1.0046601805693678,-0.12570709903256613,0.22622207294647642
-0.8395477777960635,-0.07735802389824345,0.4242620254537308
-0.9261909097106321,-0.21178707133232852,-0.3290940017751017
3.244098717804613,0.3011027493838155,2.1699539070980642
0.8879686664387939,0.43881551303729327,0.953611251939959
-1.4052735607749636,-0.5818549671129217,-0.7826867642443049
0.7931778231344363,1.128315276041673,-0.7634872261731149
0.462149053544404,-1.5364057803401998,0.5248432600349927
-0.22871068636791247,0.6681436437198299,1.6077117713288063
-0.13923897926802972,0.612541528065645,1.8225268547296758
-1.0182262464596248,1.1071624513985676,-1.127747914738549
-0.8659642239614902,0.4961664534839573,0.48358945626951555
0.47268523500953236,-2.038043677188776,-0.47889630885008694
-0.05375021422328143,-0.9752417167215206,-0.12336984399436736
-1.997436088164673,1.9132279819757092,-1.7343314866167543
-0.3670057790717872,0.5633605774451702,-1.057777673405457
1.9719561756867403,1.0021696892431535,0.3356508592345222
-0.29414358340926167,-0.15776245322476307,0.7163733674576367
1.7007300809987147,0.1996252737152812,0.979779191040569
1.6988834038037388,1.272006525104999,0.6117569293911636
0.2713473957538502,0.5116982129855402,0.3347301289968904
-0.9110886592398184,0.5762886881349973,0.612594843377721
0.8414076181396278,1.6074839474395706,-0.4592557213093816
-0.20392359950434683,0.6764671328053878,-0.47947882185953483
1.234412956874057,-0.6408427494824084,0.51739098436085
-0.12850858134999835,-0.8529217849406938,-0.12261067535596822
3.0320949503451393,-0.5730686021543737,1.8141846235136165
-0.27181838585844803,-1.705631349026701,-0.09694648194019337
1.5020292679635303,-1.7595808537379445,2.0024854570764066
0.5896152165652275,-0.313890709133129,0.34015407235423323
-1.8701197453460028,1.4696666301027677,-0.7724396864013183
0.6670655425268731,-0.27124590853072966,-0.7858013705827233
-0.06240192273544991,-0.8067292698582375,-0.540572629075635
-1.7398371698813815,-0.10428181445622334,-0.8804646625172049
-1.4836027686986777,0.6864997131449081,-1.5704806861210237
0.9408273389008737,2.9261865866980497,0.42463765164328576
-1.067044036713016,0.5969291958979625,-2.207905846722804
0.5376177201239624,0.12015955903492505,-0.6631871786296814
0.9935054776724376,-2.6786144286425193,0.7985412820453726
-0.41891307553358004,-0.15174124932238958,-0.20652708058798952
0.539370192244979,-0.7658921056429833,-0.3832612649026788
-1.2976488775754313,0.82411804989737,-0.8750173020777392
-1.5343713140836088,1.9067099410475956,-0.2178194319324981
-0.3008618021611173,-1.1812354550969328,0.3287123906429005
-1.2051042693129173,0.46250800711022233,-0.6767590244109228
0.8745559057658671,-2.2823077439522104,-0.11329892632025061
0.16727196503628747,-0.20401985275003423,-2.0955036817332013
1.203375900806003,-0.6294040161818552,1.12248173974894
-1.5841603806903117,-0.8648708235332022,-0.6648332014352981
0.5127918984974434,-1.9050230192144377,0.6163347026814692
-0.45621398150605214,-0.9639900987795231,0.4394797807635704
1.6659723867852467,-0.9919344881665283,0.06535972678673996
-0.3674406980480485,-1.2914228345646723,0.48697768098418903
-0.817881801933832,-0.5994475294629302,0.7444225069679542
2.7456960800705246,-3.5865789935137995,1.1968671027619127
-1.8379511115410747,1.696134331499744,-1.9271855201368018
-1.2694818591955084,1.1261982765407126,0.1652302597773055
0.45362542276442713,0.0030735427663132232,-0.0401936167077278
1.3708519182241867,-1.4494676437959673,2.1832119003465
1.0136890671998575,-0.6350874674820696,0.33588885954438236
0.4263798182431308,-1.3591121877612478,0.5764746635696156
-1.0463805145427065,-0.461779392709176,-0.1354119436817597
0.5424943716053752,-0.6241804185393097,-1.1129056563884552
-0.3417119337680647,-0.9929337146840407,-1.391234583664621
-0.9881838962687157,1.0248934719373337,-0.9063116592414647
0.22064914363239901,-1.184405337257184,0.1539597730404454
1.507303906255902,-1.3990231638880897,0.706805510215844
-0.3486587233768157,-1.2253417994747682,0.40554450301178974
-1.185185298924958,2.608770945340566,-0.6707124757070091
-0.23763294353682476,0.06416711832492414,-1.2405945473589055
-0.9644770514649394,0.7317852232091901,-0.9842135744319007
0.09578371594021014,0.6652686261100752,1.6677524338434546
-1.4402341591880667,-1.0333369417035934,-0.9092967941277883
1.2951113803286054,-0.604934318126963,-0.3916778279608895
0.2573882919567486,0.20084078319454074,-0.0068644221069774905
-1.3041948099930747,1.4776698081040687,-0.11020278139181956
1.4958010482291353,0.19143595180931233,1.8858309514580558
-1.0851519556038733,-0.5088972059959707,-0.6384626017129128
1.0929987021899332,-0.8916672810752218,2.5080263215961285
0.7268593604269917,2.284517128966767,-0.635151145273913
-0.6805053836828615,2.1570566779596154,-0.6130082871723636
1.035151979588512,-0.057630495921807724,0.3282598228455619
-0.8211992622077259,0.9421010621539924,0.2892249987907808
0.8975951060106837,-2.014499527229093,1.2712252106500752
-0.9134947686067554,-0.3357012457547361,-0.14950400310625214
0.10768467942474749,-1.4924321361569841,-0.49006618629806514
-0.9478874384344381,1.5455718248705188,-0.08890302516717408
0.674795932017467,-1.041177016218994,0.7306808338228951
-0.33175702689294473,0.0074939412133406946,1.418179924919741
0.8163311824594752,-0.2793298594429436,-1.1709947672256642
0.5825240618961036,-1.7705576384115667,0.7599740991458458
0.1296058916240276,-1.1910563778750543,0.33666819937725606
0.08580955903067272,1.5202926782242587,-0.0775611655548411
-0.1443641848947369,-1.2933475204120017,1.3851800665850111
1.45315739974716,-0.009575900921571914,0.4763659535362998
-0.6395876844780432,0.6975437372646175,-1.6537042767738452
-0.7345497877331274,-1.466992544964871,0.160894833568002
0.8651929485394352,-1.768809950000272,0.2280173674001481
-2.3140505245352303,1.593234053973807,-1.3688746671488912
-0.286483915157859,0.6321973345300483,0.30413011322119343
-0.07367773681391945,0.7005849670349945,-2.038200582616044
2.103285318071152,-0.037563973529331884,0.9099678452001821
-0.511233458361257,1.07166527291718,0.6856607233805313
-1.4716236565538385,1.198896595841026,-0.8036720662918198
-0.13316240547045433,1.3122828103249335,-0.7959435480674915
2.0540221700203842,-1.6842741757783137,0.6198708966922511
-0.41182342469755634,-0.058038706563196936,-0.9502436712332263
1.311457568764224,-0.619049624631321,1.5427845792315287
0.2703281204701423,0.49784920494101526,0.2021506045608909
-0.16316729865265936,-1.1242847147487036,0.5768299474446591
0.12129079860647092,2.1633448915508127,-2.029369650130234
-0.3059813090871292,0.08571798944284818,0.5372935792478057
-0.5070807152320816,-1.12038268128555,-1.0224699260233492
1.2050567823538019,-1.9170558700461442,2.317009026596228
1.281255037031961,0.029134529228954337,0.3060939846245616
0.16621147260157024,1.297765902826692,0.8186661974335332
1.0982617415798104,0.2655759396361849,0.7603696719095161
0.11131303957660603,-1.1438652689724236,-0.6146675002703762
-0.05552045750612295,0.46583302346402505,0.39360797710264234
0.7167754158362127,1.0626866836615607,-0.5268802491178252
0.18031313999952345,-0.08031441202185974,-0.527888689959777
-0.6701452512189547,-0.07485665708228588,-0.22391231993738592
0.446894115207818,-1.0814015729450868,-1.2897579738037142
0.2955346288281759,-0.5449590698341482,0.3175422500632355
1.3214322609205116,-2.0029786163242798,1.4965233322525344
-0.33258706027451895,1.047787244874656,0.8039532794536904
-0.408601596894438,-0.06968875521714502,-0.35915149058885154
-2.038761235130692,1.9068822549347657,-3.7102791288201473
0.39558097413003807,-0.12115998609564539,-0.163939822303648
-1.5417746589314862,0.5080963386565202,-1.5100816400014652
-1.5544148281322387,2.311344418355807,-1.1935693315096585
1.3061496181273722,-1.2950498974306468,0.656484568743309
1.1237640113790999,-0.13332775465629296,0.576967067573253
-0.22132789206375444,-0.9772134534231331,-2.0581766469855234
-0.6201313588288018,-1.112711643277398,-1.0299379014118633
-0.240391417866479,-1.1002668303003382,-1.4525950909593777
-0.8757696225689544,0.2529551484248793,-0.2672468477072044
0.45296194567526366,0.29152157660838823,-0.08423887398715764
-0.336923932578867,-0.03593782280212517,-0.7476697693102955
0.12451256131384007,0.7301983289031653,-0.20159701912597
-0.5846568524514985,0.056583408799589605,1.5662742496271758
-0.17093982640247732,0.42570932482246027,-0.4874240472548762
0.9824608492215958,-0.8829176601388604,1.641915666518178
-1.2879407444962916,-0.22506380705631016,-1.4283007603235958
0.22595100721269742,-1.5806754725734573,0.46138754433618084
1.0337700461689476,-1.6310597338135542,1.222163434581995
-0.478848187345034,-0.2653598187533183,-2.0223667827846517
-1.1735564240908505,1.0303501766215413,-2.134733394533239
0.6105401692234473,-1.3601643716235743,0.7045171384270142
-0.7058091162021493,-0.05430614671942934,-0.3579734732598538
-0.8195765819022035,0.15311594820398783,-0.7945139452244856
-0.890928988041061,0.2915042143380483,-0.8437169313800446
0.7455240357250058,0.3244358136893249,0.5925354631665432
1.5493459247989312,-0.0463994944003937,1.9420116565372512
-1.3949834198333853,0.6679762142956918,-1.2008424787571672
1.1646657673543992,1.4362685848988535,1.257665129778414
-0.07248250725399853,-0.45776533857009744,0.4121940608361021
0.22318152605050806,-0.2684782432808312,0.7766287084206085
1.37387157492934,-0.9267431363508205,1.2966593239067874
-0.3068543780305636,0.26742834286847555,0.29934335056123434
0.15479089284318828,-0.5943808882224267,-0.48951720524839665
-0.39409660261880053,-0.20175455060769276,0.4906220572721101
-1.4582677224156735,-0.20295589099880398,0.22021552850764242
1.0032219503332738,-0.8009784037064682,1.3928829638044151
-0.7789266692458017,-0.2299321574245024,-0.42038837193185996
-1.85115920000047,1.056203172394458,-0.8732003981394085
0.39203492884660485,1.0588933146040977,1.288302129675907
-0.2625020822984536,0.03937793755113956,-0.2708508212218008
-0.5884043033444718,1.7907371385367439,1.8061659076856151
-0.6752777796821801,0.16733671925233523,0.5326803394068729
-1.8515135457992322,0.6199571703540249,-1.2239636242905667
2.162955629080884,-1.4470251029413792,2.621187763499147
0.2690068055401236,-0.5004843758116453,0.0036012703486378184
0.16424147160757221,0.2884634787366247,-0.316985015952332
1.3893507362145912,-0.05853705855784699,1.611776418587117
-0.5814264168841764,2.539030539150105,0.11402041596049961
-0.4378408945136664,0.6505306050612576,0.8039081202939952
-0.31437690564993676,-0.3231016412546883,-0.31302189581684897
0.16849256288440734,0.027479977754081394,0.8166200346030479
-0.6400574235095853,-0.9190509078277884,-0.09228855520052215
-1.4767378136795952,0.50979045719455,-0.8388513092519095
-1.4437608376992677,0.558760468429696,-1.522792601291668
0.5255534807224578,-0.1442892434633793,-0.13441641292166562
-0.41744903799739036,0.39158907211243726,-0.05189670068634907
-0.4496039822249311,-0.09656469162046631,-0.8643541304662171
-1.617740506729949,1.9739975502514364,-0.151495643996858
0.07267610221115799,-1.3209515529796343,-0.5209635290583393
-0.8656986832786693,0.2926235972526903,-1.1966096104765491
0.49307821121178713,-0.8853825906721287,1.1692711017101245
-0.7476834308709368,1.1741172291002502,-0.3418909694370714
-1.3243642079414344,0.8135371516553652,-0.1927666711195908
0.08325000668924719,-0.18668592695060604,1.1474240408552856
-0.26789288965990166,-0.40240544817497165,1.2128258814032955
-1.4328693472731378,-0.06453004297776258,0.08064110371370982
1.1386351046399954,0.1568159290796849,0.15649075225597728
-0.42404700357363756,-0.28234638616403374,-0.4751339314506186
-1.9820852414297545,0.6092915543247219,-0.4111228641068651
-1.1352860551973674,1.8880064806597332,-0.7876261344145894
1.8399221392381961,-2.224386800971468,1.5644459760384795
-1.6617838510400198,2.454618305767633,-1.5567462096862945
-1.070476180743226,1.2844827118687012,0.5485157587438912
-0.4645102099039047,0.22889110376274358,-0.8430151239269984
0.11555441264023228,-2.705659084722103,-0.3827946461042949
0.24666402273146654,-1.1159918964043516,0.9064658890691459
-0.4669729126537621,0.9430435400381562,-1.5979000288994079
-0.17165517133756833,0.022451211057841258,0.9994291704608432
0.2327489196123238,1.1957456164697202,1.1530733953307224
-1.9002179488422462,1.5250174221154569,-1.5986908104742528
-0.5493921396324154,0.379624848080092,-0.3920575705850847
1.1038100330860436,0.4607737724583027,-0.21769024229862377
0.6396682083926006,0.2552709944342518,0.5110640183988074
-0.5252593625671402,0.4935239014793519,-0.03567935056335466
0.07129773380620814,-0.534328441708569,1.612151265945128
-0.6782041011984934,1.3671171805665066,-0.679373253958165
1.5380091719205184,0.3459597002170556,-0.42518389132032286
-0.08593371171071772,-0.14784797087665938,-0.0652982822331723
0.5650613730533002,-0.9021368004700582,-0.12509430344085223
0.2232373789405421,-0.7910013347636543,-0.741250703488415
-0.7735419124906917,-0.36665812168454026,0.518691029988017
1.5331155197109279,-1.2578014951710323,1.4179060405138055
-1.4573227869410903,0.22105136081498294,-0.45679674673378545
-0.8029970084242708,-0.6780490475393557,0.711797392237065
-0.5544338502258804,-0.16603099970219531,0.4098568799297163
1.4217980034206341,-0.11706755791549135,1.77253303391598
-0.9275511534787108,-0.82793374999275,-2.6518978983795245
-0.08436667063300653,-1.1303999012070907,1.5032218628211689
-1.5103603864778559,2.730967018993776,-1.1383356678452647
-2.076493239741164,-0.18981819731989652,-0.8370849307417036
0.24872518846633074,0.05007862035440123,-0.12418288519913229
0.28833032917151963,0.7086354900175406,-1.2610578894407938
1.6027939331394232,-1.4666070761561567,1.1908896644532707
0.646706141210043,-1.2147262771284981,0.24016377886885504
0.01486403377437191,-0.7203646730410299,-0.7057453288324981
-0.1680552028832758,-0.2189705910621531,1.9173450414757316
-0.6567271172742584,-0.6783930938293214,1.247915236075393
-1.1422053314177392,0.663107115212318,-2.1068372182140447
1.7375578221855268,-0.33870557652921635,2.127822875453503
-0.5480443087307661,-0.5466873691455172,0.09253428934076781
-1.38397601167841,1.5662060102260487,-1.9553161128564291
1.088018435467895,0.8456560954804834,-0.08346849624435669
-0.10898482290007419,-0.7988941220010728,0.2479927117021158
-0.8615261696216179,1.4547527121428219,0.6209733931482672
-0.04495753496906345,-0.9601890121093639,0.753525704939448
-0.39995958164120254,0.9527239947466468,-0.614347079858669
-0.7270867267078372,0.4307091394433561,-0.16387457975182954
1.6828511231591634,-0.926378700089525,1.0443609411815125
0.1524469193813564,-0.8816744785835808,0.3988074898422211
-0.3435082374250913,-0.5273710446388336,1.285744542934515
0.6294092479196044,-0.3134835340587095,0.16091568801202416
0.3699079199849454,1.312311210861724,1.347008191643182
-1.1478578403273871,1.3657499375205315,-1.2600950709454828
0.20211441834385724,1.4885737226444702,-0.206061140402576
-2.396213588845007,0.19331808792417912,-2.0632633088463326
0.5433929353349968,0.06307006956459775,0.5029013696878615
-0.38289210941429724,0.6655175971758546,0.21966037593975704
0.975632128835041,-0.8136064378461594,0.9994819897800479
0.4669989262305824,-0.6659691708090867,0.8471334788380236
-1.8125666913326157,-0.0683242648080981,0.35059666516901833
1.2486836092163687,-1.1153870206818075,0.5613757971553335
-0.13570665695236148,-0.27652312058753636,-0.31140224673843575
1.4316478337527254,-0.9258039639061031,0.7202793160847273
-0.786237864191828,0.5383518603827423,-0.504685329958326
0.5519770058966565,-1.0055708132369474,0.20464601702968996
1.6351080219090028,1.1910961834832345,1.2723734742126376
-0.6641732617367605,-0.07799993623954954,-0.5649556221121107
-0.4620720765733908,-0.05803033397591899,-1.0053848935343497
-0.3635666983848073,0.3855495355451314,-1.457178420793525
-0.9632462610931289,0.6430916396190032,-0.33494174515438324
0.5482637765415961,-0.8381466974085031,0.803361921140302
-0.5301093326650416,0.6001919913655774,-1.4155413058653066
1.4445759772540363,-0.8137722707513745,0.4853749884047396
-0.27100817626721135,0.24346504377640538,-0.9898909340253224
-0.3052230995500912,0.10528445593573264,0.42269520771871844
-0.4376507246204856,-0.46381516206818074,0.19863648792498564
0.20132022635579125,0.7741632544264931,0.7282703862254268
0.49117243137981814,1.0599012322394417,1.684841976635071
